"Nazwa";"Typ";"Miejscowosc";"Gmina";"Poczta";"KodPoczt";"Ulica";"NrDomu";"Telefon";"eMail";"KategUcz";"Publiczn";"Powiat";"Specyfika";"lon";"lat"
"Gimnazjum dla Dorosłych";"Gimnazjum";"Katowice";"M. Katowice";"Katowice";"40-326";"Techników";"11";322566372;"kcez.sekretariat@dmail.com";"Dorośli";"publiczna";"Powiat m. Katowice";"brak specyfiki";19.0621175;50.2738107
"GINAZJUM NR 17 W ZESPOLE SZKÓŁ NR 2";"Gimnazjum";"Katowice";"M. Katowice";"Katowice";"40-749";"GOETLA";"2";322550855;"zsz2murcki@poczta.onet.pl";"Dzieci lub młodzież";"publiczna";"Powiat m. Katowice";"brak specyfiki";19.0433229;50.2023196
"Gimnazjum nr 7";"Gimnazjum";"Katowice";"M. Katowice";"Katowice";"40-861";"Gliwicka";"228";322540626;"sekretariat@zs7.katowice.pl";"Dzieci lub młodzież";"publiczna";"Powiat m. Katowice";"brak specyfiki";18.9714259;50.270638
"Gimnazjum Nr 8 im. Królowej Jadwigi w Katowicach";"Gimnazjum";"Katowice";"M. Katowice";"Katowice";"40-881";"B. Chrobrego";"4";322546730;"sekretariat@zso3.katowice.pl";"Dzieci lub młodzież";"publiczna";"Powiat m. Katowice";"brak specyfiki";18.9720759;50.2798359
"Proedukacja - Gimnazjum dla Dorosłych w Katowicach";"Gimnazjum";"Katowice";"M. Katowice";"Katowice";"40-009";"Warszawska";"3";323088282;"biuro@proedukacja.edu.pl";"Dorośli";"niepubliczna o uprawnieniach szkoły publicznej";"Powiat m. Katowice";"brak specyfiki";19.023749;50.258983
"Prywatne Gimnazjum Fundacji Elementarz";"Gimnazjum";"Katowice";"M. Katowice";"Katowice";"40-743";"Studencka";"18";322045908;"gimnazjum@elementarz.edu.pl";"Dzieci lub młodzież";"niepubliczna o uprawnieniach szkoły publicznej";"Powiat m. Katowice";"brak specyfiki";18.9596128;50.2157856
"AP Edukacja-Gimnazjum dla Dorosłych w Katowicach";"Gimnazjum";"Katowice";"M. Katowice";"Katowice";"40-095";"Stawowa";"11";326084688;"katowice@apedukacja.pl";"Dorośli";"niepubliczna o uprawnieniach szkoły publicznej";"Powiat m. Katowice";"brak specyfiki";19.017998;50.260011
"Gimnazjum Europejskie dla Dorosłych";"Gimnazjum";"Katowice";"M. Katowice";"Katowice";"40-098";"Młyńska";"3";327819898;"sekretariat@studiumeuropejskie.pl";"Dorośli";"niepubliczna o uprawnieniach szkoły publicznej";"Powiat m. Katowice";"brak specyfiki";19.020829;50.2588993
"Prywatne Gimnazjum AMICUS";"Gimnazjum";"Katowice";"M. Katowice";"Katowice";"40-832";"Witosa";"18";322549194;"sekretariat@nasze-szkoly.edu.pl";"Dzieci lub młodzież";"niepubliczna o uprawnieniach szkoły publicznej";"Powiat m. Katowice";"brak specyfiki";18.9698177;50.2589031
"Prywatne Gimnazjum Complex of Silesian International Schools";"Gimnazjum";"Katowice";"M. Katowice";"Katowice";"40-832";"Witosa";"18";322549194;"sekretariat@nasze-szkoly.edu.pl";"Dzieci lub młodzież";"niepubliczna o uprawnieniach szkoły publicznej";"Powiat m. Katowice";"brak specyfiki";18.9698177;50.2589031
"Niepubliczne Katolickie Gimnazjum im. Świętej Rodziny";"Gimnazjum";"Katowice";"M. Katowice";"Katowice";"40-578";"Zofii Kossak-Szczuckiej";"24";327246525;"szkola.katolicka@hotmail.com";"Dzieci lub młodzież";"niepubliczna o uprawnieniach szkoły publicznej";"Powiat m. Katowice";"brak specyfiki";18.9854879;50.2338139
"Gimnazjum Zakonu Pijarów";"Gimnazjum";"Katowice";"M. Katowice";"Katowice";"40-750";"Pijarska";"7";668864713;"katowice@pijarzy.pl";"Dzieci lub młodzież";"niepubliczna o uprawnieniach szkoły publicznej";"Powiat m. Katowice";"brak specyfiki";18.9815431;50.1972386
"I Społeczne Gimnazjum im.S.Konarskiego STO";"Gimnazjum";"Katowice";"M. Katowice";"Katowice";"40-066";"Mikołowska";"26";322512344;"sekretariat@stoszkola.pl";"Dzieci lub młodzież";"niepubliczna o uprawnieniach szkoły publicznej";"Powiat m. Katowice";"brak specyfiki";19.0111579;50.254819
"I Katolickie Gimnazjum Stowarzyszenia Rodzin Katolickich Archidiecezji Katowickiej";"Gimnazjum";"Katowice";"M. Katowice";"Katowice";"40-026";"Kobylińskiego";"4";322552681;"sekretariat@klo.katowice.pl";"Dzieci lub młodzież";"niepubliczna o uprawnieniach szkoły publicznej";"Powiat m. Katowice";"brak specyfiki";19.025974;50.2553349
"II Katolickie Gimnazjum w Katowicach Stowarzyszenia Rodzin Katolickich Archidiecezji Katowickiej";"Gimnazjum";"Katowice";"M. Katowice";"Katowice";"40-208";"Ścigały";"17";323529950;"kaespe@poczta.onet.pl";"Dzieci lub młodzież";"niepubliczna o uprawnieniach szkoły publicznej";"Powiat m. Katowice";"brak specyfiki";19.0391355;50.2650871
"Społeczne Gimnazjum OMEGA im. Górnośląskich Noblistów w Katowicach";"Gimnazjum";"Katowice";"M. Katowice";"Katowice";"40-862";"Gliwicka";"276";322545124;"sekretariat@omegaszkola.pl";"Dzieci lub młodzież";"niepubliczna o uprawnieniach szkoły publicznej";"Powiat m. Katowice";"brak specyfiki";18.963708;50.272571
"NOVA Gimnazjum dla Dorosłych w Katowicach";"Gimnazjum";"Katowice";"M. Katowice";"Katowice";"40-096";"3 Maja";"26";322539060;"katowice@nova.edu.pl";"Dorośli";"niepubliczna o uprawnieniach szkoły publicznej";"Powiat m. Katowice";"brak specyfiki";19.0186989;50.259381
"Gimnazjum dla Dorosłych SUKCES w Katowicach";"Gimnazjum";"Katowice";"M. Katowice";"Katowice";"40-092";"Mickiewicza";"22";327333703;"szkola@sukcesedukacja.pl";"Dorośli";"niepubliczna o uprawnieniach szkoły publicznej";"Powiat m. Katowice";"brak specyfiki";19.0185775;50.2608982
"Gimnazujm nr 1 w Katowicach";"Gimnazjum";"Katowice";"M. Katowice";"Katowice";"40-126";"Grażyńskiego";"17";322584825;"sekretariat@g1katowice.pl";"Dzieci lub młodzież";"publiczna";"Powiat m. Katowice";"brak specyfiki";19.017575;50.2668834
"Gimnazjum nr 2 z Oddziałami Dwujęzycznymi w Katowicach";"Gimnazjum";"Katowice";"M. Katowice";"Katowice";"40-052";"Głowackiego";"4";322517346;"gim2.kat@gmail.com";"Dzieci lub młodzież";"publiczna";"Powiat m. Katowice";"brak specyfiki";19.010275;50.252331
"Gimnazjum Nr 3";"Gimnazjum";"Katowice";"M. Katowice";"Katowice";"40-086";"Sokolska";"23";322596665;"kontakt@gim3kce.pl";"Dzieci lub młodzież";"publiczna";"Powiat m. Katowice";"brak specyfiki";19.0189092;50.2632005
"GIMNAZJUM NR 4";"Gimnazjum";"Katowice";"M. Katowice";"Katowice";"40-018";"Graniczna";"46";322553450;"dyrektorgim4@o2.pl";"Dzieci lub młodzież";"publiczna";"Powiat m. Katowice";"brak specyfiki";19.0356421;50.2468689
"Gimnazjum nr 5 im. Pawła Stellera";"Gimnazjum";"Katowice";"M. Katowice";"Katowice";"40-017";"Graniczna";"27";327859701;"gimnazjum5kat@interia.pl";"Dzieci lub młodzież";"publiczna";"Powiat m. Katowice";"brak specyfiki";19.0352629;50.2547576
"GIMNAZJUM NR 10 W KATOWICACH";"Gimnazjum";"Katowice";"M. Katowice";"Katowice";"40-216";"Słowiańska";"1";322599856;"sekretariat@gimnazjum10.nazwa.pl";"Dzieci lub młodzież";"publiczna";"Powiat m. Katowice";"brak specyfiki";19.0470067;50.2685094
"Gimnazjum Nr 9 im. Romualda Traugutta w Katowicach";"Gimnazjum";"Katowice";"M. Katowice";"Katowice";"40-111";"Krzyżowa";"12";322502752;"9gimnazjum@poczta.fm";"Dzieci lub młodzież";"publiczna";"Powiat m. Katowice";"brak specyfiki";19.007063;50.278388
"Gimnazjum nr 14";"Gimnazjum";"Katowice";"M. Katowice";"Katowice";"40-404";"Oswobodzenia";"47";322557163;"gimnazjum14katowice@gmail.com";"Dzieci lub młodzież";"publiczna";"Powiat m. Katowice";"brak specyfiki";19.090186;50.2473649
"GIMNAZJUM NR 11";"Gimnazjum";"Katowice";"M. Katowice";"Katowice";"40-318";"Deszczowa";"14";322568054;"gim11kat@interia.pl";"Dzieci lub młodzież";"publiczna";"Powiat m. Katowice";"brak specyfiki";19.075236;50.2742239
"Gimnazjum nr 15";"Gimnazjum";"Katowice";"M. Katowice";"Katowice";"40-488";"Karliczka";"15";322560235;"gimn15kce@poczta.onet.pl";"Dzieci lub młodzież";"publiczna";"Powiat m. Katowice";"brak specyfiki";19.064356;50.2263559
"Gimnazjum nr 16 z Oddziałami Integracyjnymi";"Gimnazjum";"Katowice";"M. Katowice";"Katowice";"40-474";"Wojciecha";"9";322560698;"sekretariat_gim16@wp.pl";"Dzieci lub młodzież";"publiczna";"Powiat m. Katowice";"brak specyfiki";19.06309;50.22235
"Gimnajzum nr 18 z Oddziałami Integracyjnymi";"Gimnazjum";"Katowice";"M. Katowice";"Katowice";"40-750";"Jana Wantuły";"11";322029114;"g18kat@gazeta.pl";"Dzieci lub młodzież";"publiczna";"Powiat m. Katowice";"brak specyfiki";18.9946832;50.1885961
"Gimnazjum nr 19";"Gimnazjum";"Katowice";"M. Katowice";"Katowice";"40-642";"ul. Spółdzielczości";"21";322028354;"gim19@o2.pl";"Dzieci lub młodzież";"publiczna";"Powiat m. Katowice";"brak specyfiki";18.987019;50.208943
"GIMNAZJUM NR 20";"Gimnazjum";"Katowice";"M. Katowice";"Katowice";"40-614";"GEN.JANKEGO";"160";322028212;"g20@op.pl";"Dzieci lub młodzież";"publiczna";"Powiat m. Katowice";"brak specyfiki";18.9756779;50.2091629
"Gimnazjum Nr 22 z Oddziałami Integracyjntmi";"Gimnazjum";"Katowice";"M. Katowice";"Katowice";"40-560";"HETMAŃSKA";"8";322527885;"sekretariat_g22@op.pl";"Dzieci lub młodzież";"publiczna";"Powiat m. Katowice";"brak specyfiki";18.977173;50.23348
"Gimnazjum nr 23 z Oddziałami Integracyjnymi im. Ratowników Górskich";"Gimnazjum";"Katowice";"M. Katowice";"Katowice";"40-751";"Medyków";"27";322526223;"gimnazjum_23@poczta.fm";"Dzieci lub młodzież";"publiczna";"Powiat m. Katowice";"brak specyfiki";18.9586699;50.223619
"Gimnazjum nr 24 z Językiem Nauczania Francuskim";"Gimnazjum";"Katowice";"M. Katowice";"Katowice";"40-039";"SIENKIEWICZA";"74";322563601;"sekretariat@kopernik.katowice.pl";"Dzieci lub młodzież";"publiczna";"Powiat m. Katowice";"brak specyfiki";19.0223708;50.2497774
"Gimnazjum Specjalne Nr 25";"Gimnazjum";"Katowice";"M. Katowice";"Katowice";"40-006";"Szkolna";"5";322539570;"sp7gim25@wp.pl";"Dzieci lub młodzież";"publiczna";"Powiat m. Katowice";"specjalna";19.0262609;50.25927
"Gimnazjum nr 26 Specjalne";"Gimnazjum";"Katowice";"M. Katowice";"Katowice";"40-208";"Ścigały";"17";322047671;"zespolszkolnr9@gmail.com";"Dzieci lub młodzież";"publiczna";"Powiat m. Katowice";"specjalna";19.0391355;50.2650871
"Gimnazjum Specjalne nr 28";"Gimnazjum";"Katowice";"M. Katowice";"Katowice";"40-852";"Gliwicka 148a";"";322541867;"zss11@op.pl";"Dzieci lub młodzież";"publiczna";"Powiat m. Katowice";"specjalna";18.988286;50.26625
"GIMNAZJUM SPECJALNE NR29 przy ZESPOLE NR12";"Gimnazjum";"Katowice";"M. Katowice";"Katowice";"40-718";"KOŁOBRZESKA";"8";322526773;"zss_nr12k@op.pl";"Dzieci lub młodzież";"publiczna";"Powiat m. Katowice";"specjalna";18.971203;50.2205899
"Gimnazjum nr 34";"Gimnazjum";"Katowice";"M. Katowice";"Katowice";"40-752";"Medyków";"16";322071675;"zss6@op.pl";"Dzieci lub młodzież";"publiczna";"Powiat m. Katowice";"specjalna";18.9506599;50.2238678
"Gimnazjum Specjalne Nr 30";"Gimnazjum";"Katowice";"M. Katowice";"Janów";"40-414";"zamkowa";"2a";322557195;"zssnr7@poczta.onet.pl";"Dzieci lub młodzież";"publiczna";"Powiat m. Katowice";"specjalna";19.0852389;50.243331
"Gimnazjum nr 6";"Gimnazjum";"Katowice";"M. Katowice";"Katowice";"40-832";"Witosa";"23";322540371;"sekretariat@zso7.katowice.pl";"Dzieci lub młodzież";"publiczna";"Powiat m. Katowice";"brak specyfiki";18.972888;50.2592086
"Gimnazjum Integracyjne nr 36";"Gimnazjum";"Katowice";"M. Katowice";"Katowice";"40-870";"Bolesława Krzywoustego";"11";322543679;"sekretariat@zsi1katowice.pl";"Dzieci lub młodzież";"publiczna";"Powiat m. Katowice";"brak specyfiki";18.9779357;50.2749077
"Gimnazjum dla Dorosłych EFFEKT w Katowicach";"Gimnazjum";"Katowice";"M. Katowice";"Katowice";"40-013";"Staromiejska";"6";322034175;"biuro@effekt.biz.pl";"Dorośli";"niepubliczna o uprawnieniach szkoły publicznej";"Powiat m. Katowice";"brak specyfiki";19.0227928;50.2586802
"BLUE Gimnazjum dla Dorosłych w Katowicach";"Gimnazjum";"Katowice";"M. Katowice";"Katowice";"40-097";"3 MAJA 6/8";"";327232811;"katowice@blue.edu.pl";"Dorośli";"niepubliczna o uprawnieniach szkoły publicznej";"Powiat m. Katowice";"brak specyfiki";19.020862;50.259357
"Gimnazjum Nr 35";"Gimnazjum";"Katowice";"M. Katowice";"Katowice";"40-592";"Mikołowska";"131";326096020;"sekretariat@zstio2.katowice.pl";"Dzieci lub młodzież";"publiczna";"Powiat m. Katowice";"brak specyfiki";18.99599;50.244383
"Gimnazjum nr 31";"Gimnazjum";"Katowice";"M. Katowice";"Katowice";"40-126";"Grażyńskiego";"17";322584359;"biuro.nieslyszacy.katowice@gmail.com";"Dzieci lub młodzież";"publiczna";"Powiat m. Katowice";"specjalna";19.017575;50.2668834
"Społeczne Gimnazjum im. Wojciecha Korfantego Stowarzyszenia Rodziców i Nauczycieli";"Gimnazjum";"Katowice";"M. Katowice";"Katowice";"40-507";"Francuska";"80";322551359;"korfantyslo@gmail.com";"Dzieci lub młodzież";"niepubliczna o uprawnieniach szkoły publicznej";"Powiat m. Katowice";"brak specyfiki";19.024954;50.2427784
"Gimnazjum Nr 21 z Oddziałami Dwujęzycznymi im. Adeli Korczyńskiej";"Gimnazjum";"Katowice";"M. Katowice";"Katowice";"40-710";"ZIELONOGÓRSKA";"23";322526292;"gimnazjum21@interia.eu";"Dzieci lub młodzież";"publiczna";"Powiat m. Katowice";"brak specyfiki";18.9760889;50.2220279
"Gimnazjum nr 13";"Gimnazjum";"Katowice";"M. Katowice";"Katowice";"40-358";"Brynicy";"7";322569887;"gim13katowice@gazeta.pl";"Dzieci lub młodzież";"publiczna";"Powiat m. Katowice";"brak specyfiki";19.0954479;50.267658
"Gimnazjum Specjalne nr 27 w Katowicach";"Gimnazjum";"Katowice";"M. Katowice";"Katowice - Szopienice";"40-384";"Ks. Bpa. H. Bednorza";"13";322569067;"sekretariat@zss10.pl";"Dzieci lub młodzież";"publiczna";"Powiat m. Katowice";"specjalna";19.0915909;50.2631395
"Gimnazjum Nr 12";"Gimnazjum";"Katowice";"M. Katowice";"Katowice";"40-230";"Staszica";"2";322552084;"sekretariat@zs1.katowice.pl";"Dzieci lub młodzież";"publiczna";"Powiat m. Katowice";"brak specyfiki";19.0516486;50.2604655
"XI Liceum Ogólnokształcące";"Liceum ogólnokształcące";"Katowice";"M. Katowice";"Katowice";"40-326";"Techników";"11";322566372;"kcez.sekretariat@gmail.com";"Dzieci lub młodzież";"publiczna";"Powiat m. Katowice";"brak specyfiki";19.0621175;50.2738107
"XVIII Liceum Ogólnokształcące";"Liceum ogólnokształcące";"Katowice";"M. Katowice";"Katowice - Piotrowice";"40-659";"Harcerzy Września 1939r.";"2";322028255;"technikum12@abramowski.edu.pl";"Dzieci lub młodzież";"publiczna";"Powiat m. Katowice";"brak specyfiki";18.9754693;50.2121413
"II Liceum Ogólnokształcąc z Oddziałami Dwujęzycznymi";"Liceum ogólnokształcące";"Katowice";"M. Katowice";"Katowice";"40-052";"Głowackiego";"6";322517334;"biuro@nasza-szkola.pl";"Dzieci lub młodzież";"publiczna";"Powiat m. Katowice";"brak specyfiki";19.009985;50.25179
"III Liceum im. Adama Mickiewicza";"Liceum ogólnokształcące";"Katowice";"M. Katowice";"Katowice";"40-092";"Mickiewicza";"11";322589305;"liceum@mickiewicz.katowice.pl";"Dzieci lub młodzież";"publiczna";"Powiat m. Katowice";"brak specyfiki";19.017657;50.261767
"IV Liceum Ogólnokształcące w Katowicach";"Liceum ogólnokształcące";"Katowice";"M. Katowice";"Katowice";"40-165";"Katowicka";"54";322582696;"4liceum@maczek.edu.pl";"Dzieci lub młodzież";"publiczna";"Powiat m. Katowice";"brak specyfiki";19.029529;50.2694599
"V Liceum Ogólnokształcące";"Liceum ogólnokształcące";"Katowice";"M. Katowice";"Katowice";"40-615";"Gen. Jankego";"65";322028489;"sekretariat@vlokatowice.eu";"Dzieci lub młodzież";"publiczna";"Powiat m. Katowice";"brak specyfiki";18.9900925;50.214354
"VI Liceum Ogólnokształcące";"Liceum ogólnokształcące";"Katowice";"M. Katowice";"Katowice";"40-389";"LWOWSKA";"2";322568180;"katowice6lo@op.pl";"Dzieci lub młodzież";"publiczna";"Powiat m. Katowice";"brak specyfiki";19.0948117;50.2621377
"VII Liceum Ogólnokształcące";"Liceum ogólnokształcące";"Katowice";"M. Katowice";"Katowice";"40-709";"Panewnicka";"13";322526204;"sekret7lo@poczta.fm";"Dzieci lub młodzież";"publiczna";"Powiat m. Katowice";"brak specyfiki";18.971206;50.2258659
"VIII Liceum Ogólnokształcące z Oddziałami Dwujęzycznymi im. Marii Skłodowskiej - Curie w Katowicach";"Liceum ogólnokształcące";"Katowice";"M. Katowice";"Katowice";"40-079";"3 Maja";"42";322539432;"sekretariat@8lo.pl";"Dzieci lub młodzież";"publiczna";"Powiat m. Katowice";"brak specyfiki";19.015148;50.2594825
"X Liceum Ogólnokształcące im. I. J. Paderewskiego w Katowicach";"Liceum ogólnokształcące";"Katowice";"M. Katowice";"Katowice";"40-224";"K. Miarki";"6";322597759;"szkola@xlo.pl";"Dzieci lub młodzież";"publiczna";"Powiat m. Katowice";"brak specyfiki";19.0401347;50.2591908
"IX Liceum Ogólnokształcące z Oddziałami Integracyjnymi im. Henryka Sienkiewicza w Katowicach";"Liceum ogólnokształcące";"Katowice";"M. Katowice";"Katowice";"40-881";"B. Chrobrego";"4";322546730;"sekretariat@zso3.katowice.pl";"Dzieci lub młodzież";"publiczna";"Powiat m. Katowice";"brak specyfiki";18.9720759;50.2798359
"Prywatne Liceum Ogólnokształcące dla Dorosłych";"Liceum ogólnokształcące";"Katowice";"M. Katowice";"Katowice";"40-035";"Jagiellońska";"18";322510204;"plokatowice@interia.pl";"Dorośli";"niepubliczna o uprawnieniach szkoły publicznej";"Powiat m. Katowice";"brak specyfiki";19.022008;50.254433
"Liceum Ogólnokształcące dla Dorosłych PROGRES";"Liceum ogólnokształcące";"Katowice";"M. Katowice";"Katowice";"40-092";"Mickiewicza";"20";322037592;"katowice@szkolaprogres.pl";"Dorośli";"niepubliczna o uprawnieniach szkoły publicznej";"Powiat m. Katowice";"brak specyfiki";19.0187299;50.2608414
"Niepubliczne Liceum Ogólnoksztacące dla Dorosłych AWANS w Katowicach";"Liceum ogólnokształcące";"Katowice";"M. Katowice";"Katowice";"40-863";"Sokolska";"23";322298102;"ck-awans@tlen.pl";"Dorośli";"niepubliczna o uprawnieniach szkoły publicznej";"Powiat m. Katowice";"brak specyfiki";19.0189092;50.2632005
"Liceum Ogólnokształcące im. J. F. Kennedy'ego";"Liceum ogólnokształcące";"Katowice";"M. Katowice";"Katowice";"40-743";"Studencka";"18";322525210;"sekretariat@kennedy.pl";"Dzieci lub młodzież";"niepubliczna o uprawnieniach szkoły publicznej";"Powiat m. Katowice";"brak specyfiki";18.9596128;50.2157856
"Liceum Ogólnokształcące Europejskie dla Dorosłych";"Liceum ogólnokształcące";"Katowice";"M. Katowice";"Katowice";"40-098";"Młyńska";"3";327819898;"sekretariat@studiumeuropejskie.pl";"Dorośli";"niepubliczna o uprawnieniach szkoły publicznej";"Powiat m. Katowice";"brak specyfiki";19.020829;50.2588993
"Liceum Ogólnokształcące dla Dorosłych Copernicus";"Liceum ogólnokształcące";"Katowice";"M. Katowice";"Katowice";"40-096";"3-GO MAJA";"18";322048986;"katowice@copernicus.edu.pl";"Dorośli";"niepubliczna o uprawnieniach szkoły publicznej";"Powiat m. Katowice";"brak specyfiki";19.0194399;50.2594361
"Proedukacja - Liceum Ogólnokształcące dla Dorosłych w Katowicach";"Liceum ogólnokształcące";"Katowice";"M. Katowice";"Katowice";"40-009";"Warszawska";"3";323088282;"biuro@proedukacja.edu.pl";"Dorośli";"niepubliczna o uprawnieniach szkoły publicznej";"Powiat m. Katowice";"brak specyfiki";19.023749;50.258983
"Niepubliczne Ponadgimnazjalne Liceum Ogólnokształcące dla Dorosłych ŻAK";"Liceum ogólnokształcące";"Katowice";"M. Katowice";"Katowice";"40-097";"3 Maja 33";"1";327818423;"katowice@zak.edu.pl";"Dorośli";"niepubliczna o uprawnieniach szkoły publicznej";"Powiat m. Katowice";"brak specyfiki";19.014409;50.259879
"Społeczne Liceum Ogólnokształcące im. Wojciecha Korfantego Stowarzyszenia Rodziców i Nauczycieli";"Liceum ogólnokształcące";"Katowice";"M. Katowice";"Katowice";"40-507";"Francuska";"80";322551359;"korfanty-log@o2.pl";"Dzieci lub młodzież";"niepubliczna o uprawnieniach szkoły publicznej";"Powiat m. Katowice";"brak specyfiki";19.024954;50.2427784
"AP Edukacja-Liceum Ogólnokształcące dla Dorosłych";"Liceum ogólnokształcące";"Katowice";"M. Katowice";"Katowice";"40-095";"Stawowa";"11";326084688;"katowice@apedukacja.pl";"Dorośli";"niepubliczna o uprawnieniach szkoły publicznej";"Powiat m. Katowice";"brak specyfiki";19.017998;50.260011
"NOVA Liceum Ogólnokształcące dla Dorosłych w Katowicach";"Liceum ogólnokształcące";"Katowice";"M. Katowice";"Katowice";"40-096";"3 Maja";"26";322539060;"katowice@nova.edu.pl";"Dorośli";"niepubliczna o uprawnieniach szkoły publicznej";"Powiat m. Katowice";"brak specyfiki";19.0186989;50.259381
"Zaoczne Liceum Ogólnokształcące dla Dorosłych COSINUS";"Liceum ogólnokształcące";"Katowice";"M. Katowice";"Katowice";"40-003";"Rynek";"12";323520395;"katowice@cosinus.pl";"Dorośli";"niepubliczna o uprawnieniach szkoły publicznej";"Powiat m. Katowice";"brak specyfiki";19.0222069;50.258871
"OMEGA Liceum Ogólnokształcące dla Dorosłych";"Liceum ogólnokształcące";"Katowice";"M. Katowice";"Katowice";"40-095";"Plac Szewczyka";"1";728930451;"katowice@omega-edu.pl";"Dorośli";"niepubliczna o uprawnieniach szkoły publicznej";"Powiat m. Katowice";"brak specyfiki";19.0175486;50.2600741
"Prywatne Liceum im. Melchiora Wańkowicza";"Liceum ogólnokształcące";"Katowice";"M. Katowice";"Katowice";"40-832";"Witosa";"18";322549194;"sekretariat@nasze-szkoly.edu.pl";"Dzieci lub młodzież";"niepubliczna o uprawnieniach szkoły publicznej";"Powiat m. Katowice";"brak specyfiki";18.9698177;50.2589031
"I Społeczne Liceum Ogólnokształcące im.S.Konarskiego STO";"Liceum ogólnokształcące";"Katowice";"M. Katowice";"Katowice";"40-066";"Mikołowska";"26";322512344;"sekretariat@stoszkola.pl";"Dzieci lub młodzież";"niepubliczna o uprawnieniach szkoły publicznej";"Powiat m. Katowice";"brak specyfiki";19.0111579;50.254819
"Katolickie Liceum Ogólnokształcące";"Liceum ogólnokształcące";"Katowice";"M. Katowice";"Katowice";"40-026";"Kobylińskiego";"4";322552681;"sekretariat@klo.katowice.pl";"Dzieci lub młodzież";"niepubliczna o uprawnieniach szkoły publicznej";"Powiat m. Katowice";"brak specyfiki";19.025974;50.2553349
"Liceum Ogólnokształcące SUKCES dla Dorosłych w Katowicach";"Liceum ogólnokształcące";"Katowice";"M. Katowice";"Katowice";"40-092";"Mickiewicza";"22";327333703;"szkola@sukcesedukacja.pl";"Dorośli";"niepubliczna o uprawnieniach szkoły publicznej";"Powiat m. Katowice";"brak specyfiki";19.0185775;50.2608982
"BLUE Liceum Ogólnokształcące dla Dorosłych w Katowicach";"Liceum ogólnokształcące";"Katowice";"M. Katowice";"Katowice";"40-097";"3 MAJA 6/8";"";327232811;"katowice@blue.edu.pl";"Dorośli";"niepubliczna o uprawnieniach szkoły publicznej";"Powiat m. Katowice";"brak specyfiki";19.020862;50.259357
"Liceum Ogólnokształcące dla Dorosłych Centrum Edukacji Siódemka2";"Liceum ogólnokształcące";"Katowice";"M. Katowice";"Katowice";"40-096";"3 Maja";"22";323088777;"katowice@ce7.pl";"Dorośli";"niepubliczna o uprawnieniach szkoły publicznej";"Powiat m. Katowice";"brak specyfiki";19.019119;50.259381
"Zaoczne Liceum Ogólnokształcace dla Dorosłych COSINUS PLUS";"Liceum ogólnokształcące";"Katowice";"M. Katowice";"Katowice";"40-203";"Al. W. Roździeńskiego";"82";323520395;"katowice@cosinus.pl";"Dorośli";"niepubliczna o uprawnieniach szkoły publicznej";"Powiat m. Katowice";"brak specyfiki";19.0381545;50.2602235
"XIV Liceum Ogólnokształcące";"Liceum ogólnokształcące";"Katowice";"M. Katowice";"Katowice";"40-144";"Józefowska";"32";322582350;"xivlosucharski@wp.pl";"Dzieci lub młodzież";"publiczna";"Powiat m. Katowice";"brak specyfiki";19.0160139;50.2781049
"I Liceum Ogólnokształcące z Oddziałami Dwujęzycznymi";"Liceum ogólnokształcące";"Katowice";"M. Katowice";"Katowice";"40-039";"SIENKIEWICZA";"74";322563601;"sekretariat@kopernik.katowice.pl";"Dzieci lub młodzież";"publiczna";"Powiat m. Katowice";"brak specyfiki";19.0223708;50.2497774
"XIX Liceum Ogólnokształcące dla Dorosłych w Katowicach";"Liceum ogólnokształcące";"Katowice";"M. Katowice";"Katowice";"40-097";"3 Maja";"42";322539978;"zsodd@op.pl";"Dorośli";"publiczna";"Powiat m. Katowice";"brak specyfiki";19.015148;50.2594825
"XXI Liceum Ogólnokształcące w Katowicach";"Liceum ogólnokształcące";"Katowice";"M. Katowice";"Katowice";"40-752";"Medyków";"16";322071675;"zss6@op.pl";"Dzieci lub młodzież";"publiczna";"Powiat m. Katowice";"specjalna";18.9506599;50.2238678
"Trzyletnie Liceum Ogólnokształcące dla Dorosłych ŻAK w Katowicach";"Liceum ogólnokształcące";"Katowice";"M. Katowice";"Katowice";"40-097";"3 Maja";"33/1";327818423;"katowice@zak.edu.pl";"Dorośli";"niepubliczna o uprawnieniach szkoły publicznej";"Powiat m. Katowice";"brak specyfiki";19.014409;50.259879
"Liceum Ogólnokształcące dla Dorosłych EFFEKT w Katowicach";"Liceum ogólnokształcące";"Katowice";"M. Katowice";"Katowice";"40-013";"Staromiejska";"6";322034175;"biuro@effekt.biz.pl";"Dorośli";"niepubliczna o uprawnieniach szkoły publicznej";"Powiat m. Katowice";"brak specyfiki";19.0227928;50.2586802
"XVI Liceum Ogólnokształcące";"Liceum ogólnokształcące";"Katowice";"M. Katowice";"Katowice";"40-592";"Mikołowska";"131";326096020;"sekretariat@zstio2.katowice.pl";"Dzieci lub młodzież";"publiczna";"Powiat m. Katowice";"brak specyfiki";18.99599;50.244383
"XX Liceum Ogólnokształcące";"Liceum ogólnokształcące";"Katowice";"M. Katowice";"Katowice";"40-126";"Grażyńskiego";"17";322586502;"biuro.nieslyszacy.katowice@gmail.com";"Dzieci lub młodzież";"publiczna";"Powiat m. Katowice";"specjalna";19.017575;50.2668834
"Liceum Ogólnokształcące Mistrzostwa Sportowego w Katowicach";"Liceum ogólnokształcące";"Katowice";"M. Katowice";"Katowice";"40-326";"Techników";"7";322566916;"sekretariat@sms.katowice.pl";"Dzieci lub młodzież";"niepubliczna o uprawnieniach szkoły publicznej";"Powiat m. Katowice";"brak specyfiki";19.059958;50.2734797
"XV Liceum Ogólnokształcące";"Liceum ogólnokształcące";"Katowice";"M. Katowice";"Katowice";"40-833";"Obroki";"87";322046597;"sekretariat@15lo.katowice.pl";"Dzieci lub młodzież";"publiczna";"Powiat m. Katowice";"brak specyfiki";18.96539;50.2663579
"Szkoła Podstawowa nr 42";"Oddział przedszkolny";"Katowice";"M. Katowice";"";"";"Wiosny Ludów";"22";NA;"";"Dzieci lub młodzież";"publiczna";"Powiat m. Katowice";"brak specyfiki";19.0984548;50.2622292
"Szkoła Podstawowa nr 45 im. Kornela Makuszyńskiego";"Oddział przedszkolny";"Katowice";"M. Katowice";"";"";"Korczaka";"11";NA;"";"Dzieci lub młodzież";"publiczna";"Powiat m. Katowice";"brak specyfiki";19.083962;50.2691337
"Szkoła Podstawowa nr 48";"Oddział przedszkolny";"Katowice";"M. Katowice";"";"";"Bielska 14";"14";NA;"";"Dzieci lub młodzież";"publiczna";"Powiat m. Katowice";"brak specyfiki";19.045461;50.199135
"Szkoła Podstawowa nr 51 z Oddziałami Integracyjnymi";"Oddział przedszkolny";"Katowice";"M. Katowice";"";"";"Przyjazna";"7a";NA;"";"Dzieci lub młodzież";"publiczna";"Powiat m. Katowice";"brak specyfiki";19.0705313;50.2233376
"Szkoła Podstawowa dla Dzieci Chorych";"Oddział przedszkolny";"Katowice";"M. Katowice";"";"";"Medyków";"16";NA;"";"Dzieci lub młodzież";"publiczna";"Powiat m. Katowice";"specjalna";18.9506599;50.2238678
"Szkoła Podstawowa nr 33";"Oddział przedszkolny";"Katowice";"M. Katowice";"";"";"Witosa";"23";NA;"";"Dzieci lub młodzież";"publiczna";"Powiat m. Katowice";"brak specyfiki";18.972888;50.2592086
"Szkoła Podstawowa nr 20 im. Tadeusza Rejtana";"Oddział przedszkolny";"Katowice";"M. Katowice";"";"";"Zarębskiego";"2";NA;"";"Dzieci lub młodzież";"publiczna";"Powiat m. Katowice";"brak specyfiki";18.998115;50.263791
"Szkoła Podstawowa nr 27";"Oddział przedszkolny";"Katowice";"M. Katowice";"";"";"Łętowskiego";"18";NA;"";"Dzieci lub młodzież";"publiczna";"Powiat m. Katowice";"brak specyfiki";18.986163;50.2047388
"Miejskie Przedszkole nr 24 w Katowicach";"Przedszkole";"Katowice";"M. Katowice";"Katowice";"40-106";"Sportowa";"29";NA;"mp24katowice@wp.pl";"Dzieci lub młodzież";"publiczna";"Powiat m. Katowice";"brak specyfiki";18.9974806;50.2741209
"Miejskie Przedszkole nr 43";"Przedszkole";"Katowice";"M. Katowice";"Katowice- Piotrowice";"40-685";"Sobańskiego";"86";322029320;"SP32K_ce@poczta.onet.pl";"Dzieci lub młodzież";"publiczna";"Powiat m. Katowice";"brak specyfiki";18.9635642;50.2077431
"Miejskie Przedszkole nr 70 w Katowicach";"Przedszkole";"Katowice";"M. Katowice";"Katowice";"40-214";"Wróblewskiego";"42-44";322583566;"trzynastkasp@wp.pl";"Dzieci lub młodzież";"publiczna";"Powiat m. Katowice";"brak specyfiki";19.0420196;50.2678875
"Przedszkole Niepubliczne Węgielek";"Przedszkole";"Katowice";"M. Katowice";"Katowice";"40-488";"Karliczka";"15";664195196;"info@wegielek.edu.pl";"Dzieci lub młodzież";"niepubliczna";"Powiat m. Katowice";"brak specyfiki";19.064356;50.2263559
"Prywatne Przedszkole Domowe Przedszkole";"Przedszkole";"Katowice";"M. Katowice";"Katowice";"40-832";"Witosa";"18";322549194;"sekretariat@nasze-szkoly.edu.pl";"Dzieci lub młodzież";"niepubliczna";"Powiat m. Katowice";"brak specyfiki";18.9698177;50.2589031
"Przedszkole Niepubliczne Językowe Kropeczki";"Przedszkole";"Katowice";"M. Katowice";"Piotrowice";"40-673";"Biedronek";"1";322539309;"przedszkole@kropeczki.pl";"Dzieci lub młodzież";"niepubliczna";"Powiat m. Katowice";"brak specyfiki";18.992447;50.2032979
"Przedszkole Niepubliczne Zgromadzenia Sióstr Służebniczek NMP NP im. bł. Edmunda Bojanowskiego";"Przedszkole";"Katowice";"M. Katowice";"Katowice";"40-760";"Panewnicka";"63";323507045;"przedszkole.panewniki@sluzebniczki.pl";"Dzieci lub młodzież";"niepubliczna";"Powiat m. Katowice";"brak specyfiki";18.9600484;50.2267065
"Bajkowe Przedszkole z Odzdziałami integracyjnymi i specjalnymi";"Przedszkole";"Katowice";"M. Katowice";"Katowice";"40-171";"Modrzewiowa";"30A";531080621;"nzoz-bajkowe@wp.pl";"Dzieci lub młodzież";"niepubliczna";"Powiat m. Katowice";"brak specyfiki";19.0340256;50.2715879
"PRZEDSZKOLE ARTYSTYCZNE DOMINO";"Przedszkole";"Katowice";"M. Katowice";"Katowice";"40-708";"FRANCISZKAŃSKA";"33";NA;"";"Dzieci lub młodzież";"niepubliczna";"Powiat m. Katowice";"brak specyfiki";18.972832;50.22802
"Przedszkole Niepubliczne Sezamkowo";"Przedszkole";"Katowice";"M. Katowice";"Katowice";"40-772";"Panewnicka";"154";322024024;"przedszkole@sezakowo.pl";"Dzieci lub młodzież";"niepubliczna";"Powiat m. Katowice";"brak specyfiki";18.9507641;50.2310193
"Prywatne Przedszkole Winnie the Pooh";"Przedszkole";"Katowice";"M. Katowice";"Katowice";"40-832";"Witosa";"18";322549194;"sekretariat@nasze-szkoly.edu.pl";"Dzieci lub młodzież";"niepubliczna";"Powiat m. Katowice";"brak specyfiki";18.9698177;50.2589031
"Niepubliczne Przedszkole Wesołe Siódemki";"Przedszkole";"Katowice";"M. Katowice";"Katowice";"40-018";"Graniczna";"42";322552790;"wesolesiodemkijola@vp.pl";"Dzieci lub młodzież";"niepubliczna";"Powiat m. Katowice";"brak specyfiki";19.0338064;50.2477711
"Przedszkole Niepubliczne Tęcza Zgromadzenia Sióstr Szkolnych de Notre Dame";"Przedszkole";"Katowice";"M. Katowice";"Katowice";"40-545";"Warzywna";"26a";322528246;"przedszkole@przedszkole-tecza.katowice.pl";"Dzieci lub młodzież";"niepubliczna";"Powiat m. Katowice";"brak specyfiki";18.99872;50.22481
"Niepubliczne Przedszkole Edukacyjno - Rehabilitacyjne Odrodzenie";"Przedszkole";"Katowice";"M. Katowice";"Piotrowice";"40-645";"RADOCKIEGO";"280";322061174;"osrodek@rehabilitacja.org.pl";"Dzieci lub młodzież";"niepubliczna";"Powiat m. Katowice";"specjalna";18.9840994;50.20477
"Przedszkole Niepubliczne Ciuciubabka";"Przedszkole";"Katowice";"M. Katowice";"Katowice";"40-111";"Jabłoniowa";"52";324457020;"przedszkole@ciuciubabka.com.pl";"Dzieci lub młodzież";"niepubliczna";"Powiat m. Katowice";"brak specyfiki";19.0060939;50.2768669
"PRYWATNE PRZEDSZKOLE BABCINA KRAINA";"Przedszkole";"Katowice";"M. Katowice";"Katowice";"40-671";"Armii Krajowej";"62";660033244;"babcinakraina@wp.pl";"Dzieci lub młodzież";"niepubliczna";"Powiat m. Katowice";"brak specyfiki";18.9733889;50.2112089
"Prywatne Przedszkole Nr 1";"Przedszkole";"Katowice";"M. Katowice";"Katowice";"40-570";"Ligocka";"5a";327856199;"poczta@przedszkole.katowice.pl";"Dzieci lub młodzież";"niepubliczna";"Powiat m. Katowice";"brak specyfiki";18.992016;50.2421159
"Przedszkole Niepubliczne English Montessori Preschool";"Przedszkole";"Katowice";"M. Katowice";"Katowice";"40-684";"Wspólna";"2";887801000;"bronwen.allen@englishmontessori.com";"Dzieci lub młodzież";"niepubliczna";"Powiat m. Katowice";"brak specyfiki";18.958917;50.205188
"Prywatne Przedszkole imPapy Smerfa";"Przedszkole";"Katowice";"M. Katowice";"Katowice";"40-870";"Krzywoustego";"6";782732158;"";"Dzieci lub młodzież";"niepubliczna";"Powiat m. Katowice";"brak specyfiki";18.9827956;50.2755421
"Niepubliczne Przedszkole Dziecięcy Ogród Możliwości";"Przedszkole";"Katowice";"M. Katowice";"Katowice";"40-750";"Dziewanny";"12";NA;"sekretariat@dom-przedszkole.pl";"Dzieci lub młodzież";"niepubliczna";"Powiat m. Katowice";"brak specyfiki";18.976221;50.1939629
"Przedszkole Niepubliczne SKRABLE";"Przedszkole";"Katowice";"M. Katowice";"Katowice";"40-759";"Szafirowa";"5";509834454;"agnieszka.hawryluk@interia.pl";"Dzieci lub młodzież";"niepubliczna";"Powiat m. Katowice";"brak specyfiki";18.9528404;50.2342954
"Przedszkole Niepubliczne Pałacyk";"Przedszkole";"Katowice";"M. Katowice";"Katowice";"40-066";"Mikołowska";"26";322090198;"olaglaba@wp.pl";"Dzieci lub młodzież";"niepubliczna";"Powiat m. Katowice";"brak specyfiki";19.0111579;50.254819
"Niepubliczne Przedszkole EPIONKOWO";"Przedszkole";"Katowice";"M. Katowice";"Katowice";"40-872";"Zawiszy Czarnego";"7a";728737007;"info@epionkowo.pl";"Dzieci lub młodzież";"niepubliczna";"Powiat m. Katowice";"brak specyfiki";18.9770907;50.2781615
"Społeczne Przedszkole Artystyczne Fundacji im. Krystyny Rudkowskiej";"Przedszkole";"Katowice";"M. Katowice";"Katowice";"40-126";"Grażyńskiego";"47";322583436;"info@fundacjakr.pl";"Dzieci lub młodzież";"niepubliczna";"Powiat m. Katowice";"brak specyfiki";19.0172801;50.2681773
"NIEPUBLICZNE PRZEDSZKOLE IM.M.L.MEOZZI";"Przedszkole";"Katowice";"M. Katowice";"Katowice";"40-061";"Kilińskiego";"15";322519195;"przedszkole.fundacjidzieciom@gmail.com";"Dzieci lub młodzież";"niepubliczna";"Powiat m. Katowice";"brak specyfiki";19.0110579;50.252788
"Specjalistyczne Niepubliczne Przedszkole Edukacyjno - Rehabilitacyjne";"Przedszkole";"Katowice";"M. Katowice";"Katowice";"40-887";"Ułańska";"5a";322504501;"kfpdk@wp.pl";"Dzieci lub młodzież";"niepubliczna";"Powiat m. Katowice";"specjalna";18.970985;50.2837479
"Przedszkole Publiczne Parafii Rzymskokatolickiej św. Szczepana";"Przedszkole";"Katowice";"M. Katowice";"Katowice";"40-211";"ks. Markiefki";"89";519546451;"przedszkolepub@katowice.opoka.org.pl";"Dzieci lub młodzież";"publiczna";"Powiat m. Katowice";"brak specyfiki";19.039322;50.269363
"Akademia Wesołego Przedszkolaka Przedszkole niepubliczne z oddziałami integracyjnymi";"Przedszkole";"Katowice";"M. Katowice";"Katowice";"40-672";"Armii Krajowej";"268";323539140;"biuro@wesoly-przedszkolak.pl";"Dzieci lub młodzież";"niepubliczna";"Powiat m. Katowice";"brak specyfiki";18.9817056;50.1936383
"Niepubliczne Przedszkole Wesołe Słoneczka z oddziałami integracyjnymi";"Przedszkole";"Katowice";"M. Katowice";"Katowice";"40-560";"HETMAŃSKA";"7";322048243;"DYREKTOR@WESOLESLONECZKA.PL";"Dzieci lub młodzież";"niepubliczna";"Powiat m. Katowice";"brak specyfiki";18.977006;50.232802
"Publiczne Przedszkole Zgromadzenia Sióstr Świętej Jadwigi";"Przedszkole";"Katowice";"M. Katowice";"Katowice";"40-210";"leopolda";"1-3";322030284;"przedszkoleswj@wp.pl";"Dzieci lub młodzież";"publiczna";"Powiat m. Katowice";"brak specyfiki";19.0382809;50.2698589
"Przedszkole Niepubliczne Madzik Place Kindergarten";"Przedszkole";"Katowice";"M. Katowice";"Katowice";"40-759";"Szafirowa";"14";514280373;"office@madzikplace.com";"Dzieci lub młodzież";"niepubliczna";"Powiat m. Katowice";"brak specyfiki";18.9530919;50.2352889
"Niepubliczne Przedszkole Językowe Mundo Marino";"Przedszkole";"Katowice";"M. Katowice";"Katowice";"40-750";"Pijarska";"5";506127931;"biuro@mundomarino.pl";"Dzieci lub młodzież";"niepubliczna";"Powiat m. Katowice";"brak specyfiki";18.9818789;50.197423
"Przedszkole Twórczy Maluch";"Przedszkole";"Katowice";"M. Katowice";"Katowice";"40-622";"MARMUROWA";"23";600441515;"INFO@FAMILIA.EDU.PL";"Dzieci lub młodzież";"niepubliczna";"Powiat m. Katowice";"brak specyfiki";18.9842879;50.2142267
"Społeczne Przedszkole OMEGA im. Górnośląskich Noblistów w Katowicach";"Przedszkole";"Katowice";"M. Katowice";"Katowice";"40-862";"Gliwicka";"276";322545124;"sekretariat@omegaszkola.pl";"Dzieci lub młodzież";"niepubliczna";"Powiat m. Katowice";"brak specyfiki";18.963708;50.272571
"KATOLICKIE PRZEDSZKOLE STOWARZYSZENIA RODZIN KATOLICKICH ARCHIDIECEZJI KATOWICKIEJ POD ANIOŁEM W KATOWICACH";"Przedszkole";"Katowice";"M. Katowice";"Katowice";"40-309";"JÓZEFA GRZEGORZKA";"2";731785028;"przedszkole.podaniolem@gmail.com";"Dzieci lub młodzież";"niepubliczna";"Powiat m. Katowice";"brak specyfiki";19.0660216;50.2771301
"Sportusiowe Niepubliczne Przedszkole o profilu sportowym";"Przedszkole";"Katowice";"M. Katowice";"Katowice";"40-155";"KONDUKTORSKA";"35";537707900;"INFO@KINDER-PARK.PL";"Dzieci lub młodzież";"niepubliczna";"Powiat m. Katowice";"brak specyfiki";19.0295973;50.2833794
"Dwujęzyczne Przedszkole English Montessori School";"Przedszkole";"Katowice";"M. Katowice";"Katowice";"40-594";"Józefa Gallusa";"10";NA;"szkola@anglojezyczne.com";"Dzieci lub młodzież";"niepubliczna";"Powiat m. Katowice";"brak specyfiki";18.9939562;50.2437699
"Przedszkole z Oddizłami Integracyjnymi Bajkowa Kraina";"Przedszkole";"Katowice";"M. Katowice";"Katowice";"40-144";"Józefowska";"5";NA;"mariolakocjan@interia.pl";"Dzieci lub młodzież";"niepubliczna";"Powiat m. Katowice";"brak specyfiki";19.0164811;50.2775779
"Akademia Małego Sportowca";"Przedszkole";"Katowice";"M. Katowice";"Katowice";"40-627";"Wesoła";"7";880185220;"biuro@kademiamalegosportowca.pl";"Dzieci lub młodzież";"niepubliczna";"Powiat m. Katowice";"brak specyfiki";18.99711;50.214563
"Miejskie Przedszkole Nr 1 im. Hansa Christiana Andersena";"Przedszkole";"Katowice";"M. Katowice";"Katowice";"40-585";"Brynowska";"82";322524509;"mp1katowice@gmail.com";"Dzieci lub młodzież";"publiczna";"Powiat m. Katowice";"brak specyfiki";18.9959494;50.2315701
"Miejskie Przedszkole Nr 2 w Katowicach";"Przedszkole";"Katowice";"M. Katowice";"Katowice";"40-070";"KS. BPA. T. KUBINY";"4";322513022;"mp2katowice@wp.pl";"Dzieci lub młodzież";"publiczna";"Powiat m. Katowice";"brak specyfiki";19.0029515;50.252385
"Miejskie Przedszkole nr 3";"Przedszkole";"Katowice";"M. Katowice";"Katowice";"40-053";"Barbary";"25";322517529;"mp3.katowice@gmail.com";"Dzieci lub młodzież";"publiczna";"Powiat m. Katowice";"brak specyfiki";19.007534;50.2485819
"Miejskie Przedszkole nr 4";"Przedszkole";"Katowice";"M. Katowice";"Katowice";"40-615";"Gen. Jamkego";"65";322029064;"mp04.katowice@interia.pl";"Dzieci lub młodzież";"publiczna";"Powiat m. Katowice";"brak specyfiki";18.9900925;50.214354
"Miejskie Przedszkole nr 5";"Przedszkole";"Katowice";"M. Katowice";"Katowice";"40-050";"Gen. J. Zajączka";"6";322514726;"mp5katowice@op.pl";"Dzieci lub młodzież";"publiczna";"Powiat m. Katowice";"brak specyfiki";19.0119529;50.2522782
"Miejskie Przedszkole Nr 6";"Przedszkole";"Katowice";"M. Katowice";"Katowice";"40-203";"Roździeńskiego";"82";322587591;"mp6kat@wp.pl";"Dzieci lub młodzież";"publiczna";"Powiat m. Katowice";"brak specyfiki";19.0381545;50.2602235
"MIEJSKIE PRZEDSZKOLE NR 9";"Przedszkole";"Katowice";"M. Katowice";"Katowice";"40-081";"DĄBRÓWKI";"9";322597665;"mpnr.9@wp.pl";"Dzieci lub młodzież";"publiczna";"Powiat m. Katowice";"brak specyfiki";19.0103652;50.2625472
"Miejskie Przeszkole Nr 12";"Przedszkole";"Katowice";"M. Katowice";"Katowice";"40-570";"Ligocka";"3";322095528;"mp12katowice@op.pl";"Dzieci lub młodzież";"publiczna";"Powiat m. Katowice";"brak specyfiki";18.992846;50.2423239
"Miejskie Przedszkole Nr 13";"Przedszkole";"Katowice";"M. Katowice";"Katowice";"40-832";"Wincentego Witosa";"16a";322549297;"przedszkole13@upcpoczta.pl";"Dzieci lub młodzież";"publiczna";"Powiat m. Katowice";"brak specyfiki";18.9696326;50.2580822
"Miejskie Przedszkole nr 14";"Przedszkole";"Katowice";"M. Katowice";"Katowice";"40-132";"Wyszyńskiego";"16a";322581197;"katowice.mp14@hotmail.com";"Dzieci lub młodzież";"publiczna";"Powiat m. Katowice";"brak specyfiki";19.0234871;50.2728161
"Miejskie Przedszkole Nr15 z Oddziałami Integracyjnymi w Katowicach";"Przedszkole";"Katowice";"M. Katowice";"Katowice";"40-710";"ZIELONOGÓRSKA";"23";312525908;"integracja15@wp.pl";"Dzieci lub młodzież";"publiczna";"Powiat m. Katowice";"brak specyfiki";18.9760889;50.2220279
"Miejskie Przedszkole nr16";"Przedszkole";"Katowice";"M. Katowice";"Katowice";"40-722";"Koszalińska";"6a";322525332;"mp16katowice@wp.pl";"Dzieci lub młodzież";"publiczna";"Powiat m. Katowice";"brak specyfiki";18.9710947;50.2242069
"Miejskie Przedszkole nr 17";"Przedszkole";"Katowice";"M. Katowice";"Katowice";"40-710";"ZIELONOGÓRSKA";"^a";322527281;"mp17katowice@interia.pl";"Dzieci lub młodzież";"publiczna";"Powiat m. Katowice";"brak specyfiki";18.975759;50.2232279
"Miejskie Przedszkole nr 19";"Przedszkole";"Katowice";"M. Katowice";"Katowice";"42-622";"Marcinkowskiego";"13";322552308;"miejskie19kat@wp.pl";"Dzieci lub młodzież";"publiczna";"Powiat m. Katowice";"brak specyfiki";19.0585189;50.2614694
"Miejskie Przedszkole numer 20";"Przedszkole";"Katowice";"M. Katowice";"Katowice";"40-164";"Ordona";"11";322034981;"halina.ciba.mp20@wp.pl";"Dzieci lub młodzież";"publiczna";"Powiat m. Katowice";"brak specyfiki";19.0313665;50.2680835
"Miejskie Przedszkole Nr 21";"Przedszkole";"Katowice";"M. Katowice";"Katowice";"40-873";"Tysiąclecia";"27";322545698;"wesola.ludwiczka@poczta.fm";"Dzieci lub młodzież";"publiczna";"Powiat m. Katowice";"brak specyfiki";18.978507;50.276106
"Miejskie Przedszkole nr 22";"Przedszkole";"Katowice";"M. Katowice";"Katowice";"40-205";"Kopalniana";"4D";322039042;"mp22katowice@interia.pl";"Dzieci lub młodzież";"publiczna";"Powiat m. Katowice";"brak specyfiki";19.0409496;50.2635042
"Miejskie Przedszkole nr 23";"Przedszkole";"Katowice";"M. Katowice";"Katowice/Dąb";"40-102";"Dębowa";"3";322545564;"mpnr23@wp.pl";"Dzieci lub młodzież";"publiczna";"Powiat m. Katowice";"brak specyfiki";18.997169;50.271704
"Miejskie Przedszkole nr 25";"Przedszkole";"Katowice";"M. Katowice";"Katowice";"40-877";"mieszka I";"13";322545874;"mp25katowice@poczta.onet.pl";"Dzieci lub młodzież";"publiczna";"Powiat m. Katowice";"brak specyfiki";18.975072;50.274682
"Miejskie Przedszkole Nr 26";"Przedszkole";"Katowice";"M. Katowice";"Katowice";"40-854";"Zarębskiego";"2";322544083;"mp26katowice@interia.pl";"Dzieci lub młodzież";"publiczna";"Powiat m. Katowice";"brak specyfiki";18.998115;50.263791
"Miejskie Przedszkole nr 27 im. Plastusia i Tosi w Katowicach";"Przedszkole";"Katowice";"M. Katowice";"Katowice";"40-114";"Ściegiennego";"27";322588423;"mp27.katowice@gmail.com";"Dzieci lub młodzież";"publiczna";"Powiat m. Katowice";"brak specyfiki";19.0091181;50.2730703
"Miejskie Przedszkole Nr 30";"Przedszkole";"Katowice";"M. Katowice";"Katowice";"40-857";"Gliwicka";"157";322543445;"przedszkole30katowice@interia.pl";"Dzieci lub młodzież";"publiczna";"Powiat m. Katowice";"brak specyfiki";18.99074;50.2673459
"Miejskie Przedszkole nr 32";"Przedszkole";"Katowice";"M. Katowice";"Katowice";"40-431";"SZOPIENICKA";"29";322515874;"mp32katowice@interia.pl";"Dzieci lub młodzież";"publiczna";"Powiat m. Katowice";"brak specyfiki";19.0731303;50.2369511
"Miejskie Przedszkole nr 33 w Katowicach";"Przedszkole";"Katowice";"M. Katowice";"Katowice";"40-039";"Powstańców";"23";322555133;"mp33katowice@o2.pl";"Dzieci lub młodzież";"publiczna";"Powiat m. Katowice";"brak specyfiki";19.0223349;50.251827
"Miejskie Przedszkole nr 34 im. Jasia i Małgosi w Katowicach";"Przedszkole";"Katowice";"M. Katowice";"Katowice";"40-871";"Tysiąclecia";"84a";322547958;"przedszkole34katowice@op.pl";"Dzieci lub młodzież";"publiczna";"Powiat m. Katowice";"brak specyfiki";18.966821;50.2813279
"Miesjkie Przedszkole Nr 35";"Przedszkole";"Katowice";"M. Katowice";"Katowice";"40-038";"Rybnicka";"1";322561149;"przedszkole35@poczta.fm";"Dzieci lub młodzież";"publiczna";"Powiat m. Katowice";"brak specyfiki";19.025046;50.251346
"Miejskie Przedszkole Nr 36";"Przedszkole";"Katowice";"M. Katowice";"Katowice";"40-025";"Zacisze";"2";322565085;"dyrektor@mp36kat.szkolnastrona.pl";"Dzieci lub młodzież";"publiczna";"Powiat m. Katowice";"brak specyfiki";19.029059;50.2553179
"MIejskie Przedszkole nr 38 w Katowicach";"Przedszkole";"Katowice";"M. Katowice";"Katowice";"40-320";"Hallera";"72";322566020;"m38p@poczta.onet.pl";"Dzieci lub młodzież";"publiczna";"Powiat m. Katowice";"brak specyfiki";19.0713704;50.2765765
"Miejskie Przedszkole nr 39 w Katowicach";"Przedszkole";"Katowice";"M. Katowice";"Katowice";"40-860";"Gliwicka";"212";322541201;"miejskieprzedszkolenr39@wp.pl";"Dzieci lub młodzież";"publiczna";"Powiat m. Katowice";"brak specyfiki";18.976242;50.269526
"Miejskie Przedszkole nr 40 w Katowicach";"Przedszkole";"Katowice";"M. Katowice";"Katowice";"40-761";"Panewnicka";"73";322526425;"mp40katowice@o2.pl";"Dzieci lub młodzież";"publiczna";"Powiat m. Katowice";"brak specyfiki";18.9591299;50.227495
"Miejskie Przedszkole nr 41 z Oddziałami Integracyjnymi w Katowicach";"Przedszkole";"Katowice";"M. Katowice";"Katowice";"40-750";"Koraszewskiego";"6";322029295;"mp41katowice@interia.pl";"Dzieci lub młodzież";"publiczna";"Powiat m. Katowice";"brak specyfiki";18.996568;50.183051
"Miejskie Przedszkole 42";"Przedszkole";"Katowice";"M. Katowice";"Katowice";"40-750";"Tadeusza Boya - Żeleńskiego";"30";322029131;"mp42katowice@poczta.onet.pl";"Dzieci lub młodzież";"publiczna";"Powiat m. Katowice";"brak specyfiki";18.9914439;50.1887289
"Miejskie Przedszkole nr 45";"Przedszkole";"Katowice";"M. Katowice";"Katowice";"40-086";"Sokolska";"25";322599087;"miejskie45@gmail.com";"Dzieci lub młodzież";"publiczna";"Powiat m. Katowice";"brak specyfiki";19.01989;50.263168
"Miejskie Przedszkole nr 46";"Przedszkole";"Katowice";"M. Katowice";"Katowice";"40-616";"Gen. Z. W. Jankego";"111";322029660;"mp46@interia.eu";"Dzieci lub młodzież";"publiczna";"Powiat m. Katowice";"brak specyfiki";18.9842964;50.2111455
"Miejskie Przedszkole nr 47 z Oddziałami Integrracyjnymi";"Przedszkole";"Katowice";"M. Katowice";"Katowice";"40-136";"Słoneczna";"60";322062240;"mp47katowice@wp.pl";"Dzieci lub młodzież";"publiczna";"Powiat m. Katowice";"brak specyfiki";19.012645;50.275655
"MIEJSKIE PRZEDSZKOLE NR 48";"Przedszkole";"Katowice";"M. Katowice";"Katowice";"40-124";"Sokolska";"56A";322582213;"przedszkole48@onet.pl";"Dzieci lub młodzież";"publiczna";"Powiat m. Katowice";"brak specyfiki";19.0189889;50.267652
"Miejskie Przedszkole nr 49";"Przedszkole";"Katowice";"M. Katowice";"Katowice";"40-217";"Puławska";"9";322030236;"mp49@interia.eu";"Dzieci lub młodzież";"publiczna";"Powiat m. Katowice";"brak specyfiki";19.0458003;50.2675705
"Miejskie Przedszkole Nr 50 z Oddziałami Integracyjnymi";"Przedszkole";"Katowice";"M. Katowice";"Katowice";"40-841";"Mościckiego";"2";322543055;"mpnr50katowice@op.pl";"Dzieci lub młodzież";"publiczna";"Powiat m. Katowice";"brak specyfiki";18.9637157;50.2945629
"Miejskie Przedszkole nr 51";"Przedszkole";"Katowice";"M. Katowice";"Katowice";"40-555";"";"";NA;"";"Dzieci lub młodzież";"publiczna";"Powiat m. Katowice";"brak specyfiki";19.0237815;50.2648919
"Miejskie Przedszkole Nr 52";"Przedszkole";"Katowice";"M. Katowice";"Katowice";"40-134";"Kazimiery Iłłakowiczówny";"15a";322582641;"przedszkole52katowice@interia.pl";"Dzieci lub młodzież";"publiczna";"Powiat m. Katowice";"brak specyfiki";19.0203072;50.2734031
"Miejskie Przedszkole Nr 55";"Przedszkole";"Katowice";"M. Katowice";"Katowice";"40-275";"Szeptyckiego";"3";322551146;"mp55katowice@op.pl";"Dzieci lub młodzież";"publiczna";"Powiat m. Katowice";"brak specyfiki";19.0359454;50.2501943
"Miejskie Przedszkole Nr 56";"Przedszkole";"Katowice";"M. Katowice";"Katowice";"40-374";"Wiosny Ludów";"17";322569567;"miejskiepnr56@interia.pl";"Dzieci lub młodzież";"publiczna";"Powiat m. Katowice";"brak specyfiki";19.0981918;50.2625678
"Miejskie Przedszkole nr 57";"Przedszkole";"Katowice";"M. Katowice";"Katowice";"40-866";"PIASTÓW";"13";322542492;"mp57@wp.pl";"Dzieci lub młodzież";"publiczna";"Powiat m. Katowice";"brak specyfiki";18.9870129;50.2725189
"Miejskie Przedszkole nr 59";"Przedszkole";"Katowice";"M. Katowice";"Giszowiec";"40-474";"Wojciecha";"49";322560822;"dyrektor.mp59@o2.pl";"Dzieci lub młodzież";"publiczna";"Powiat m. Katowice";"brak specyfiki";19.06307;50.2215909
"Miejskie Przedszkole Nr 60";"Przedszkole";"Katowice";"M. Katowice";"Katowice";"40-320";"Gen. J. Hallera";"60";322569213;"mp60kat@o2.pl";"Dzieci lub młodzież";"publiczna";"Powiat m. Katowice";"brak specyfiki";19.073725;50.27261
"Miejskie Przedszkole Nr 61";"Przedszkole";"Katowice";"M. Katowice";"Katowice";"40-488";"Karliczka";"18";322560614;"mp61k-ce@wp.pl";"Dzieci lub młodzież";"publiczna";"Powiat m. Katowice";"brak specyfiki";19.0658759;50.2259624
"Miejskie Przedszkole Nr 62";"Przedszkole";"Katowice";"M. Katowice";"Katowice";"40-414";"Oswobodzenia";"61";322557052;"mp62katowice@poczta.fm";"Dzieci lub młodzież";"publiczna";"Powiat m. Katowice";"brak specyfiki";19.0918639;50.2459239
"Miejskie Przedzskole nr 63";"Przedszkole";"Katowice";"M. Katowice";"Janów";"40-413";"zamkowa";"10";323534109;"";"Dzieci lub młodzież";"publiczna";"Powiat m. Katowice";"brak specyfiki";19.086104;50.243705
"Miejskie Przedszkole nr 64";"Przedszkole";"Katowice";"M. Katowice";"Katowice";"40-467";"Plac pod lipami";"2";322567071;"";"Dzieci lub młodzież";"publiczna";"Powiat m. Katowice";"brak specyfiki";19.0658671;50.2224926
"Miejskie Przedszkole nr 65";"Przedszkole";"Katowice";"M. Katowice";"Katowice";"40-379";"Ciesielska";"1";322569003;"mp65katowice@op.pl";"Dzieci lub młodzież";"publiczna";"Powiat m. Katowice";"brak specyfiki";19.098132;50.263227
"Miejskie Przedszkole Nr 66";"Przedszkole";"Katowice";"M. Katowice";"Katowice";"40-353";"Brynicy";"50";322569728;"mp_66@interia.pl";"Dzieci lub młodzież";"publiczna";"Powiat m. Katowice";"brak specyfiki";19.095921;50.268878
"Miejskie Przedszkole nr 67 z Oddziałami Integracyjnymi";"Przedszkole";"Katowice";"M. Katowice";"Katowice";"40-203";"al. Roździeńskiego";"88";322581036;"";"Dzieci lub młodzież";"publiczna";"Powiat m. Katowice";"brak specyfiki";19.0374005;50.2613889
"Miejskie Przedszkole Nr 71";"Przedszkole";"Katowice";"M. Katowice";"Katowice32";"40-748";"Michałowskiego";"3";322029770;"mp71katowice@gmail.pl";"Dzieci lub młodzież";"publiczna";"Powiat m. Katowice";"brak specyfiki";18.9681684;50.1775987
"MIEJSKIE PRZEDSZKOLE NR 72";"Przedszkole";"Katowice";"M. Katowice";"Katowice";"40-749";"BIELSKA";"1";322556326;"mp72katowice@gmail.com";"Dzieci lub młodzież";"publiczna";"Powiat m. Katowice";"brak specyfiki";19.0414612;50.1923255
"Miejskie Przedszkole nr 73 im. Misia Uszatka w Katowicach";"Przedszkole";"Katowice";"M. Katowice";"Katowice";"40-136";"Słoneczna";"77a";322062032;"mp73@o2.pl";"Dzieci lub młodzież";"publiczna";"Powiat m. Katowice";"brak specyfiki";19.0111549;50.2750519
"Miejskie Przedszkole nr 74";"Przedszkole";"Katowice";"M. Katowice";"Katowice";"40-203";"al. Roździeńskiego";"96";322589770;"mp74@op.pl";"Dzieci lub młodzież";"publiczna";"Powiat m. Katowice";"brak specyfiki";19.0401883;50.2613405
"Miejskie Przedszkole Nr 75";"Przedszkole";"Katowice";"M. Katowice";"Katowice";"40-530";"Drozdów";"11c";322516648;"mp75-katowice@wp.pl";"Dzieci lub młodzież";"publiczna";"Powiat m. Katowice";"brak specyfiki";19.0068859;50.233126
"Miejskie Przedszkole 76";"Przedszkole";"Katowice";"M. Katowice";"Katowice";"40-718";"KOŁOBRZESKA";"20/a";322523448;"zalewska76@interia.pl";"Dzieci lub młodzież";"publiczna";"Powiat m. Katowice";"brak specyfiki";18.973164;50.2204769
"Miejskie Przedszkole nr 78";"Przedszkole";"Katowice";"M. Katowice";"Katowice";"40-645";"RADOCKIEGO";"62";322029059;"mp78@onet.eu";"Dzieci lub młodzież";"publiczna";"Powiat m. Katowice";"brak specyfiki";18.988462;50.2066815
"Miejskie Przedszkole Nr 81";"Przedszkole";"Katowice";"M. Katowice";"Piotrowice";"40-674";"Kostki Napierskiego";"9";322028045;"u.nizio@interia.pl";"Dzieci lub młodzież";"publiczna";"Powiat m. Katowice";"brak specyfiki";18.9727002;50.2048283
"Miejskie Przedszkole nr 82 im. Dzieci z Leszczynowej Górki w Katowicach";"Przedszkole";"Katowice";"M. Katowice";"Katowice";"40-145";"Bytomska";"8 B";322588937;"mp82wkatowicach@poczta.onet.pl";"Dzieci lub młodzież";"publiczna";"Powiat m. Katowice";"brak specyfiki";19.009937;50.2852559
"Miejskie Przedszkole84";"Przedszkole";"Katowice";"M. Katowice";"KATOWICE 8";"40-658";"Targowa";"13";322029104;"mp84katowice@interia.pl";"Dzieci lub młodzież";"publiczna";"Powiat m. Katowice";"brak specyfiki";18.981463;50.2114509
"MIEJSKIE PRZEDSZKOLE NR 85";"Przedszkole";"Katowice";"M. Katowice";"Katowice";"40-824";"KWIATKOWSKIEGO";"20";322546820;"przedszkole85@o2.pl";"Dzieci lub młodzież";"publiczna";"Powiat m. Katowice";"brak specyfiki";18.9677148;50.2616038
"Miejskie Przedszkole nr 87";"Przedszkole";"Katowice";"M. Katowice";"Katowice";"40-018";"Graniczna";"44";322551290;"przedszkole87@wp.pl";"Dzieci lub młodzież";"publiczna";"Powiat m. Katowice";"brak specyfiki";19.0350783;50.2470539
"Miejskie Przedszkole nr 88";"Przedszkole";"Katowice";"M. Katowice";"Katowice";"40-560";"Grzyśki";"2";NA;"";"Dzieci lub młodzież";"publiczna";"Powiat m. Katowice";"brak specyfiki";18.9768048;50.230975
"Miejskie Przedszkole nr 89";"Przedszkole";"Katowice";"M. Katowice";"Katowice";"40-719";"Zadole";"26a";322545760;"mp89katowice@interia.pl";"Dzieci lub młodzież";"publiczna";"Powiat m. Katowice";"brak specyfiki";18.973867;50.2191138
"Miejskie Przedszkole nr 90";"Przedszkole";"Katowice";"M. Katowice";"Bederowiec";"40-881";"B.Chrobrego";"39";322545742;"mp90katowice@op.pl";"Dzieci lub młodzież";"publiczna";"Powiat m. Katowice";"brak specyfiki";18.9744849;50.281918
"Miejskie Przedszkole Nr 91 z Oddziałami Integracyjnymi w Katowicach";"Przedszkole";"Katowice";"M. Katowice";"Katowice";"40-467";"Adama";"33";322560258;"przedszkole_91@o2.pl";"Dzieci lub młodzież";"publiczna";"Powiat m. Katowice";"brak specyfiki";19.073308;50.2173419
"Miejskie Przedszkole Nr 92";"Przedszkole";"Katowice";"M. Katowice";"Katowice - Brynów";"40-521";"Kormoranów";"22";322516360;"mp92@interia.eu";"Dzieci lub młodzież";"publiczna";"Powiat m. Katowice";"brak specyfiki";19.0081607;50.2378482
"Miejskie Przedszkole nr 93";"Przedszkole";"Katowice";"M. Katowice";"Katowice";"40-648";"Łętowskiego";"24";322030062;"mp93katowice@op.pl";"Dzieci lub młodzież";"publiczna";"Powiat m. Katowice";"brak specyfiki";18.9871836;50.204958
"Miejskie Przedszkole Nr 94 im. Małego Księcia w Katowicach";"Przedszkole";"Katowice";"M. Katowice";"Katowice";"40-837";"Rataja";"10";322547265;"mp94katowice@op.pl";"Dzieci lub młodzież";"publiczna";"Powiat m. Katowice";"brak specyfiki";18.9737586;50.26138
"MIEJSKIE PRZEDSZKOLE NR 95";"Przedszkole";"Katowice";"M. Katowice";"Katowice";"40-230";"PIASKOWA";"1";322552968;"przedszkole95@gmail.coml";"Dzieci lub młodzież";"publiczna";"Powiat m. Katowice";"brak specyfiki";19.0498239;50.259628
"Miejskie Przedszkole Nr 97";"Przedszkole";"Katowice";"M. Katowice";"Bogucice";"40-219";"Wiślana";"9";322062207;"mp97@vp.pl";"Dzieci lub młodzież";"publiczna";"Powiat m. Katowice";"brak specyfiki";19.046868;50.267595
"Miejskie Przedszkole nr 99 w Katowicach";"Przedszkole";"Katowice";"M. Katowice";"Katowice";"40-755";"Józefa Płochy";"6";322063016;"mp99katowice@interia.pl";"Dzieci lub młodzież";"publiczna";"Powiat m. Katowice";"brak specyfiki";18.9612679;50.2346614
"Niepubliczne Przedszkole z Oddziałami Integracyjnymi przy Niepublicznej Szkole Podstawowej Nasza Szkoła";"Przedszkole";"Katowice";"M. Katowice";"Katowice";"40-659";"Harcerzy Wrzesnia 1939";"5";883999710;"naszaszkola@economicus.eu";"Dzieci lub młodzież";"niepubliczna";"Powiat m. Katowice";"brak specyfiki";18.9775774;50.2123218
"Niepubliczne Przedszkole Słonik z oddziałem integracyjnym";"Przedszkole";"Katowice";"M. Katowice";"Katowice";"40-833";"Obroki";"70";663881331;"ela-konopka@o2.pl";"Dzieci lub młodzież";"niepubliczna";"Powiat m. Katowice";"brak specyfiki";18.9683651;50.2670895
"Miejskie Przedszkole nr 80";"Przedszkole";"Katowice";"M. Katowice";"Katowice";"40-773";"Panewnicka";"349";322523850;"przedszkole80@poczta.onet.pl";"Dzieci lub młodzież";"publiczna";"Powiat m. Katowice";"brak specyfiki";18.9348709;50.2286129
"Przedszkole";"Przedszkole";"Katowice";"M. Katowice";"Katowice";"40-126";"Grażyńskiego";"17";322584359;"biuro.nieslyszacy.katowice@gmail.com";"Dzieci lub młodzież";"publiczna";"Powiat m. Katowice";"specjalna";19.017575;50.2668834
"Miejskie Przedszkole nr 58";"Przedszkole";"Katowice";"M. Katowice";"Katowice";"40-309";"Grzegorzka";"4";322566276;"mp58@poczta.onet.pl";"Dzieci lub młodzież";"publiczna";"Powiat m. Katowice";"brak specyfiki";19.0664761;50.2775445
"aAcademy Niepubliczne Przedszkole Integracyjne z Oddziałami Specjalnymi";"Przedszkole";"Katowice";"M. Katowice";"Katowice";"40-710";"ZIELONOGÓRSKA";"1";601290441;"";"Dzieci lub młodzież";"niepubliczna";"Powiat m. Katowice";"brak specyfiki";18.97701;50.2252359
"Niepubliczne Przedszkole Fundacji Elementarz w Katowicach";"Przedszkole";"Katowice";"M. Katowice";"Katowice";"40-743";"Studencka";"20";322535074;"przedszkolaki@elementarz.edu.pl";"Dzieci lub młodzież";"niepubliczna";"Powiat m. Katowice";"brak specyfiki";18.9587991;50.2164437
"Artystyczny Punkt Przedszkolny Arabesque";"Punkt przedszkolny";"Katowice";"M. Katowice";"Katowice";"40-032";"Dąbrowskiego";"24/2";509817117;"";"Dzieci lub młodzież";"niepubliczna";"Powiat m. Katowice";"brak specyfiki";19.026905;50.2549566
"Niepubliczne Jednooddziałowe Przedszkole Jaś i Małgosia";"Punkt przedszkolny";"Katowice";"M. Katowice";"Katowice";"40-668";"Bażantów";"53/6";NA;"edyta-kosciuk@wp.pl";"Dzieci lub młodzież";"niepubliczna";"Powiat m. Katowice";"brak specyfiki";18.9910493;50.2007067
"Punkt Przedszkolny Przytulny Kącik";"Punkt przedszkolny";"Katowice";"M. Katowice";"Katowice";"40-219";"Kujawska";"4a";606885601;"przytulny@gmail.com";"Dzieci lub młodzież";"niepubliczna";"Powiat m. Katowice";"brak specyfiki";19.0482479;50.266591
"Terapeutyczny Punkt Przedszkolny Kraina Marzeń";"Punkt przedszkolny";"Katowice";"M. Katowice";"Katowice";"40-749";"Piernikarczyka";"12";665194440;"gabinet@persona-psycholog.pl";"Dzieci lub młodzież";"niepubliczna";"Powiat m. Katowice";"brak specyfiki";19.0376714;50.2001404
"Akademia Przedszkolaka Małe Kroczki";"Punkt przedszkolny";"Katowice";"M. Katowice";"Katowice";"40-857";"Ondraszka";"12";784935951;"przedszkole@malekroczki.pl";"Dzieci lub młodzież";"niepubliczna";"Powiat m. Katowice";"brak specyfiki";18.9953713;50.2642785
"Niepubliczny Specjalny Punkt Przedszkolny Błękitna Kraina";"Punkt przedszkolny";"Katowice";"M. Katowice";"Katowice";"40-060";"KOSSAK-SZCZUCKIEJ";"32";601290441;"";"Dzieci lub młodzież";"niepubliczna";"Powiat m. Katowice";"brak specyfiki";18.9844094;50.2334072
"Szkoła Podstawowa nr 36 im. K. K. Baczyńskiego";"Szkoła podstawowa";"Katowice";"M. Katowice";"Katowice";"40-134";"Iłłakowiczówny";"13";322583518;"sp36katowice@wp.pl";"Dzieci lub młodzież";"publiczna";"Powiat m. Katowice";"brak specyfiki";19.0198979;50.2730108
"Szkoła Podstawowa Nr 37 w Katowicach";"Szkoła podstawowa";"Katowice";"M. Katowice";"Katowice";"40-038";"Lompy";"17";322564617;"szkola-37@katowice.home.pl";"Dzieci lub młodzież";"publiczna";"Powiat m. Katowice";"brak specyfiki";19.023382;50.2503057
"Szkoła Podstawowa nr 42";"Szkoła podstawowa";"Katowice";"M. Katowice";"Katowice";"40-374";"Wiosny Ludów";"22";322568276;"szpod42@wp.pl";"Dzieci lub młodzież";"publiczna";"Powiat m. Katowice";"brak specyfiki";19.0984548;50.2622292
"SZKOŁA PODSTAWOWA NR 44";"Szkoła podstawowa";"Katowice";"M. Katowice";"Katowice";"40-354";"MORAWA";"86";322569825;"sp44kat@op.pl";"Dzieci lub młodzież";"publiczna";"Powiat m. Katowice";"brak specyfiki";19.10295;50.264769
"Szkoła Podstawowa nr 45 im. Kornela Makuszyńskiego";"Szkoła podstawowa";"Katowice";"M. Katowice";"Katowice";"40-338";"Korczaka";"11";322568308;"sp45kat@gazeta.pl";"Dzieci lub młodzież";"publiczna";"Powiat m. Katowice";"brak specyfiki";19.083962;50.2691337
"Szkoła Podstawowa nr 48";"Szkoła podstawowa";"Katowice";"M. Katowice";"Katowice";"40-749";"Bielska 14";"14";322556207;"sp48katowice@op.pl";"Dzieci lub młodzież";"publiczna";"Powiat m. Katowice";"brak specyfiki";19.045461;50.199135
"Szkoła Podstawowa nr 29 im. F.Żwirki i S.Wigury w Katowicach";"Szkoła podstawowa";"Katowice";"M. Katowice";"Katowice";"40-750";"K.Lepszego";"2";322028375;"sp29katowice@tlen.pl";"Dzieci lub młodzież";"publiczna";"Powiat m. Katowice";"brak specyfiki";18.998126;50.182407
"Szkoła Podstawowa nr 31 im. H. Sienkiewicza";"Szkoła podstawowa";"Katowice";"M. Katowice";"Katowice";"40-232";"Marcinkowskiego";"17";322554230;"sp31sienkiewicz@poczta.onet.pl";"Dzieci lub młodzież";"publiczna";"Powiat m. Katowice";"brak specyfiki";19.0592138;50.2603614
"Szkoła Podstawowa nr 34";"Szkoła podstawowa";"Katowice";"M. Katowice";"Katowice";"40-710";"ZIELONOGÓRSKA";"3";322225168;"sp34_katowice@interia.pl";"Dzieci lub młodzież";"publiczna";"Powiat m. Katowice";"brak specyfiki";18.976256;50.22445
"Szkoła Podstawowa nr 15";"Szkoła podstawowa";"Katowice";"M. Katowice";"Katowice";"40-069";"Ks. Bpa St. Adamskiego";"24";322517304;"sp15katowice@wp.pl";"Dzieci lub młodzież";"publiczna";"Powiat m. Katowice";"brak specyfiki";19.0020114;50.2522271
"Szkołą Podstawowa nr 17";"Szkoła podstawowa";"Katowice";"M. Katowice";"Katowice";"40-140";"Dekerta";"1";322581889;"spnr17@op.pl";"Dzieci lub młodzież";"publiczna";"Powiat m. Katowice";"brak specyfiki";19.0160475;50.2845345
"Szkoła Podstawowa nr 19 w Katowicach";"Szkoła podstawowa";"Katowice";"M. Katowice";"Katowice";"40-110";"Agnieszki";"2";322546261;"sp_19_dyrektor@op.pl";"Dzieci lub młodzież";"publiczna";"Powiat m. Katowice";"brak specyfiki";19.0042545;50.2787878
"Szkoła Postawowa nr 21 z Oddziałami Integracyjnymi";"Szkoła podstawowa";"Katowice";"M. Katowice";"Katowice";"40-748";"Jacka Malczewskiego";"1";322029719;"sp21kat@onet.eu";"Dzieci lub młodzież";"publiczna";"Powiat m. Katowice";"brak specyfiki";18.9698494;50.1784269
"Szkoła Podstawowa nr22 im.Juliusza Słowackiego";"Szkoła podstawowa";"Katowice";"M. Katowice";"Katowice";"40-859";"Wolskiego";"3";322542003;"sp22katow@wp.pl";"Dzieci lub młodzież";"publiczna";"Powiat m. Katowice";"brak specyfiki";18.986522;50.2661356
"Szkoła Podstawowa nr 5";"Szkoła podstawowa";"Katowice";"M. Katowice";"Katowice";"40-594";"Gallusa";"5";322521118;"sp5kt@gazeta.pl";"Dzieci lub młodzież";"publiczna";"Powiat m. Katowice";"brak specyfiki";18.9937826;50.2427861
"Szkoła Podstawowa nr 2";"Szkoła podstawowa";"Katowice";"M. Katowice";"Katowice";"40-871";"al. Roździeńskiego";"82";322586502;"sp.nr2@neostrada.pl";"Dzieci lub młodzież";"publiczna";"Powiat m. Katowice";"brak specyfiki";19.0381545;50.2602235
"Szkoła Podstawowa nr 9 im. Jana Brzechwy w Katowicach";"Szkoła podstawowa";"Katowice";"M. Katowice";"Katowice";"40-772";"Panewnicka";"172";322527884;"sekretariat@sp9.katowice.pl";"Dzieci lub młodzież";"publiczna";"Powiat m. Katowice";"brak specyfiki";18.9484819;50.230492
"Szkoła Podstawowa nr 10 w Katowicach";"Szkoła podstawowa";"Katowice";"M. Katowice";"Katowice";"40-095";"Stawowa";"6";322596814;"szkpodst10@interia.pl";"Dzieci lub młodzież";"publiczna";"Powiat m. Katowice";"brak specyfiki";19.018484;50.2603159
"Szkoła Podstawowa Nr 11 z Oddziałami Integracyjnymi im. Tadeusza Kościuszki w Katowicach";"Szkoła podstawowa";"Katowice";"M. Katowice";"Katowice";"40-551";"Nasypowa";"16";322571585;"sekretariat@sp11katowice.pl";"Dzieci lub młodzież";"publiczna";"Powiat m. Katowice";"brak specyfiki";18.990441;50.2286639
"Szkoła Podstawowa nr 53";"Szkoła podstawowa";"Katowice";"M. Katowice";"Katowice";"40-423";"Plac Wyzwolenia";"18";322545740;"szkola53katowice@poczta.onet.pl";"Dzieci lub młodzież";"publiczna";"Powiat m. Katowice";"brak specyfiki";19.0837035;50.2431139
"Szkoła Podstawowa nr 62";"Szkoła podstawowa";"Katowice";"M. Katowice";"Katowice";"40-164";"Ordona";"3d";322584813;"sekretariat@sp62katowice.szkolnastrona.pl";"Dzieci lub młodzież";"publiczna";"Powiat m. Katowice";"brak specyfiki";19.0294046;50.2683431
"Szkoła Podstawowa nr 65 im. Gustawa Morcinka";"Szkoła podstawowa";"Katowice";"M. Katowice";"Katowice";"40-533";"Kukułek";"2a";322512301;"sp65katowice@tlen.pl";"Dzieci lub młodzież";"publiczna";"Powiat m. Katowice";"brak specyfiki";19.005287;50.2294179
"Szkoła Podstawowa Nr 66 im. Janusza Korczaka w Katowicach";"Szkoła podstawowa";"Katowice";"M. Katowice";"Katowice";"40-870";"Bolesława Krzywoustego";"7";322541651;"sp66@rem-bit.pl";"Dzieci lub młodzież";"publiczna";"Powiat m. Katowice";"brak specyfiki";18.9820636;50.2746026
"Szkoła Podstawowa nr 59";"Szkoła podstawowa";"Katowice";"M. Katowice";"Bederowiec";"40-881";"Bolesława Chrobrego";"5";322546579;"sp59.katowice@wp.pl";"Dzieci lub młodzież";"publiczna";"Powiat m. Katowice";"brak specyfiki";18.967983;50.280929
"Szkoła Podstawowa nr 12";"Szkoła podstawowa";"Katowice";"M. Katowice";"Katowice";"40-282";"Paderewskiego";"46";322555036;"sp12katowice@o2.pl";"Dzieci lub młodzież";"publiczna";"Powiat m. Katowice";"brak specyfiki";19.0367477;50.2502463
"Szkoła Podstawowa nr 51 z Oddziałami Integracyjnymi";"Szkoła podstawowa";"Katowice";"M. Katowice";"Giszowiec";"40-467";"Przyjazna";"7a";323512070;"sekretariat@szkola51.pl";"Dzieci lub młodzież";"publiczna";"Powiat m. Katowice";"brak specyfiki";19.0705313;50.2233376
"Szkoła Podstawowa nr 18 w Katowicach";"Szkoła podstawowa";"Katowice";"M. Katowice";"Katowice";"40-106";"Sportowa";"29";NA;"sp18katowice@op.pl";"Dzieci lub młodzież";"publiczna";"Powiat m. Katowice";"brak specyfiki";18.9974806;50.2741209
"Szkoła Podstawowa nr 32";"Szkoła podstawowa";"Katowice";"M. Katowice";"Katowice- Piotrowice";"40-685";"Sobańskiego";"86";322029320;"SP32K_ce@poczta.onet.pl";"Dzieci lub młodzież";"publiczna";"Powiat m. Katowice";"brak specyfiki";18.9635642;50.2077431
"Szkoła Podstawowa nr 13 im. św. Barbary w Katowicach";"Szkoła podstawowa";"Katowice";"M. Katowice";"Katowice";"40-214";"Wróblewskiego";"42-44";322583566;"trzynastkasp@wp.pl";"Dzieci lub młodzież";"publiczna";"Powiat m. Katowice";"brak specyfiki";19.0420196;50.2678875
"Prywatna Szkoła Podstawowa Fundacji Elementarz";"Szkoła podstawowa";"Katowice";"M. Katowice";"Katowice";"40-743";"Studencka";"18";322045908;"szkolapodstawowa@elementarz.edu.pl";"Dzieci lub młodzież";"niepubliczna o uprawnieniach szkoły publicznej";"Powiat m. Katowice";"brak specyfiki";18.9596128;50.2157856
"Szkoła Podstawowa dla Chłopców Kuźnica";"Szkoła podstawowa";"Katowice";"M. Katowice";"Katowice";"40-216";"Słowiańska";"1";322068064;"info@wegielek.edu.pl";"Dzieci lub młodzież";"niepubliczna o uprawnieniach szkoły publicznej";"Powiat m. Katowice";"brak specyfiki";19.0470067;50.2685094
"Szkoła Podstawowa dla Dziewcząt Płomień";"Szkoła podstawowa";"Katowice";"M. Katowice";"Katowice";"40-488";"Karliczka";"15";664195196;"info@wegielek.edu.pl";"Dzieci lub młodzież";"niepubliczna o uprawnieniach szkoły publicznej";"Powiat m. Katowice";"brak specyfiki";19.064356;50.2263559
"Prywatna Szkoła Podstawowa Complex of Silesian International Schools";"Szkoła podstawowa";"Katowice";"M. Katowice";"Katowice";"40-832";"Witosa";"18";322549194;"sekretariat@nasze-szkoly.edu.pl";"Dzieci lub młodzież";"niepubliczna o uprawnieniach szkoły publicznej";"Powiat m. Katowice";"brak specyfiki";18.9698177;50.2589031
"Prywatna Szkoła Podstawowa Szkoła jak Dom";"Szkoła podstawowa";"Katowice";"M. Katowice";"Katowice";"40-832";"Witosa";"18";322549194;"sekretariat@nasze-szkoly.edu.pl";"Dzieci lub młodzież";"niepubliczna o uprawnieniach szkoły publicznej";"Powiat m. Katowice";"brak specyfiki";18.9698177;50.2589031
"Społeczna Szkoła Podstawowa Stowarzyszenia Rodziców i Nauczycieli";"Szkoła podstawowa";"Katowice";"M. Katowice";"Katowice";"40-507";"Francuska";"80";322551359;"korfantyslo@gmail.com";"Dzieci lub młodzież";"niepubliczna o uprawnieniach szkoły publicznej";"Powiat m. Katowice";"brak specyfiki";19.024954;50.2427784
"Niepubliczna Katolicka Szkoła Podstawowa im. Św. Rodziny w Katowicach";"Szkoła podstawowa";"Katowice";"M. Katowice";"Katowice";"40-578";"Zofii Kossak - Szczuckiej";"24";327246525;"szkola.katolicka@hotmail.com";"Dzieci lub młodzież";"niepubliczna o uprawnieniach szkoły publicznej";"Powiat m. Katowice";"brak specyfiki";18.9854879;50.2338139
"Szkoła Podstawowa Zakonu Pijarów";"Szkoła podstawowa";"Katowice";"M. Katowice";"Katowice";"40-750";"Pijarska";"7";668864713;"katowice@pijarzy.pl";"Dzieci lub młodzież";"niepubliczna o uprawnieniach szkoły publicznej";"Powiat m. Katowice";"brak specyfiki";18.9815431;50.1972386
"Społeczna Szkoła Podstawowa Nr 1 im.S.Konarskiego STO";"Szkoła podstawowa";"Katowice";"M. Katowice";"Katowice";"40-066";"Mikołowska";"26";322512344;"sekretariat@stoszkola.pl";"Dzieci lub młodzież";"niepubliczna o uprawnieniach szkoły publicznej";"Powiat m. Katowice";"brak specyfiki";19.0111579;50.254819
"Katolicka Szkoła Podstawowa Stowarzyszenia Rodzin Katolickich Archidiecezji Katowickiej";"Szkoła podstawowa";"Katowice";"M. Katowice";"Katowice";"40-208";"Ścigały";"17";323529950;"kaespe@poczta.onet.pl";"Dzieci lub młodzież";"niepubliczna o uprawnieniach szkoły publicznej";"Powiat m. Katowice";"brak specyfiki";19.0391355;50.2650871
"Społeczna Szkoła Podstawowa OMEGA im. Górnośląskich Noblistów w Katowicach";"Szkoła podstawowa";"Katowice";"M. Katowice";"Katowice";"40-862";"Gliwicka";"276";322545124;"sekretariat@omegaszkola.pl";"Dzieci lub młodzież";"niepubliczna o uprawnieniach szkoły publicznej";"Powiat m. Katowice";"brak specyfiki";18.963708;50.272571
"Niepubliczna Specjalna Szkoła Podstawowa Arka Noego";"Szkoła podstawowa";"Katowice";"M. Katowice";"Katowice-Panewniki";"40-771";"Gromadzka";"59";327242742;"";"Dzieci lub młodzież";"niepubliczna o uprawnieniach szkoły publicznej";"Powiat m. Katowice";"specjalna";18.9449219;50.228041
"Społeczna Szkoła Podstawowa Nasza Dobra Szkoła";"Szkoła podstawowa";"Katowice";"M. Katowice";"Katowice";"40-111";"Krzyżowa";"12";512613226;"szkola@stow.com.pl";"Dzieci lub młodzież";"niepubliczna o uprawnieniach szkoły publicznej";"Powiat m. Katowice";"brak specyfiki";19.007063;50.278388
"Niepubliczna Szkoła Podstawowa Akademia Montessori";"Szkoła podstawowa";"Katowice";"M. Katowice";"Katowice";"40-664";"Kostki Napierskiego";"38";604569666;"sekretariat@akademiamontessori.edu.pl";"Dzieci lub młodzież";"niepubliczna o uprawnieniach szkoły publicznej";"Powiat m. Katowice";"brak specyfiki";18.9774473;50.2049285
"Dwujęzyczna Szkoła Podstawowa English Montessori School";"Szkoła podstawowa";"Katowice";"M. Katowice";"Katowice";"40-594";"Józefa Gallusa";"10";NA;"";"Dzieci lub młodzież";"niepubliczna o uprawnieniach szkoły publicznej";"Powiat m. Katowice";"brak specyfiki";18.9939562;50.2437699
"Szkoła Podstawowa nr 67 z Oddziałami Integracyjnymi im. Komisji Edukacji Narodowej";"Szkoła podstawowa";"Katowice";"M. Katowice";"Panewniki";"40-756";"Zielona";"5";322023910;"sp67katowice@interia.pl";"Dzieci lub młodzież";"publiczna";"Powiat m. Katowice";"brak specyfiki";18.9595809;50.234658
"Szkoła Podstawowa Nr 7 Specjalna";"Szkoła podstawowa";"Katowice";"M. Katowice";"Katowice";"40-006";"Szkolna";"5";322539570;"sp7gim25@wp.pl";"Dzieci lub młodzież";"publiczna";"Powiat m. Katowice";"specjalna";19.0262609;50.25927
"Szkoła Podstawowa nr 39 Specjalna";"Szkoła podstawowa";"Katowice";"M. Katowice";"Katowice";"40-208";"Ścigały";"17";322047671;"zespolszkolnr9@gmail.com";"Dzieci lub młodzież";"publiczna";"Powiat m. Katowice";"specjalna";19.0391355;50.2650871
"Szkoła Podstawowa nr 60 specjalna";"Szkoła podstawowa";"Katowice";"M. Katowice";"Katowice";"40-852";"Gliwicka";"148a";322541867;"zss11@op.pl";"Dzieci lub młodzież";"publiczna";"Powiat m. Katowice";"specjalna";18.988286;50.26625
"SZKOŁA PODST.SPECJALNA NR61 przy ZESPOLE NR12";"Szkoła podstawowa";"Katowice";"M. Katowice";"Katowice";"40-718";"KOŁOBRZESKA";"8";322526773;"zss_nr12k@op.pl";"Dzieci lub młodzież";"publiczna";"Powiat m. Katowice";"specjalna";18.971203;50.2205899
"Szkoła Podstawowa dla Dzieci Chorych";"Szkoła podstawowa";"Katowice";"M. Katowice";"Katowice";"40-752";"Medyków";"16";322071675;"zss6@op.pl";"Dzieci lub młodzież";"publiczna";"Powiat m. Katowice";"specjalna";18.9506599;50.2238678
"Szkoła Podstawowa Specjalna Nr 6";"Szkoła podstawowa";"Katowice";"M. Katowice";"Janów";"40-414";"zamkowa";"2a";322557195;"zssnr7@poczta.onet.pl";"Dzieci lub młodzież";"publiczna";"Powiat m. Katowice";"specjalna";19.0852389;50.243331
"Szkoła Podstawowa nr 33";"Szkoła podstawowa";"Katowice";"M. Katowice";"Katowice";"40-832";"Witosa";"23";322540371;"sekretariat@zso7.katowice.pl";"Dzieci lub młodzież";"publiczna";"Powiat m. Katowice";"brak specyfiki";18.972888;50.2592086
"Szkoła Podstawowa z Oddziałami Integracyjnymi nr 58";"Szkoła podstawowa";"Katowice";"M. Katowice";"Katowice";"40-870";"Bolesława Krzywoustego";"11";322543679;"sekretariat@zsi1katowice.pl";"Dzieci lub młodzież";"publiczna";"Powiat m. Katowice";"brak specyfiki";18.9779357;50.2749077
"Niepubliczna Szkoła Podstawowa Wesołe Słoneczka z oddziałami integracyjnymi";"Szkoła podstawowa";"Katowice";"M. Katowice";"Katowice";"40-560";"HETMAŃSKA";"7";322048243;"DYREKTOR@WESOLESLONECZKA.PL";"Dzieci lub młodzież";"niepubliczna o uprawnieniach szkoły publicznej";"Powiat m. Katowice";"specjalna";18.977006;50.232802
"Niepubliczna Szkoła Podstawowa z Oddziałami Integracyjnymi Nasza Szkoła";"Szkoła podstawowa";"Katowice";"M. Katowice";"Katowice";"40-659";"Harcerzy Września 1939";"5";883999710;"naszaszkola@economicus.eu";"Dzieci lub młodzież";"niepubliczna o uprawnieniach szkoły publicznej";"Powiat m. Katowice";"brak specyfiki";18.9775774;50.2123218
"aAcademy Niepubliczna Integracyjna Szkoła Podstawowa z Oddziałami Specjalnymi";"Szkoła podstawowa";"Katowice";"M. Katowice";"Katowice";"40-710";"Zielongórska";"1";601290441;"a.nowinska@terapiairozwoj.com";"Dzieci lub młodzież";"niepubliczna o uprawnieniach szkoły publicznej";"Powiat m. Katowice";"brak specyfiki";18.97701;50.2252359
"Niepubliczna Szkoła Podstawowa FEP";"Szkoła podstawowa";"Katowice";"M. Katowice";"Katowice";"40-743";"Studencka";"20";322045908;"";"Dzieci lub młodzież";"niepubliczna o uprawnieniach szkoły publicznej";"Powiat m. Katowice";"brak specyfiki";18.9587991;50.2164437
"Szkoła Podstawowa nr 20 im. Tadeusza Rejtana";"Szkoła podstawowa";"Katowice";"M. Katowice";"Katowice";"40-854";"Zarębskiego";"2";322547699;"sp20@o2.pl";"Dzieci lub młodzież";"publiczna";"Powiat m. Katowice";"brak specyfiki";18.998115;50.263791
"Szkoła Podstawowa nr 1 im. Marszałka Józefa Piłsudskiego";"Szkoła podstawowa";"Katowice";"M. Katowice";"Katowice";"40-035";"Jagiellońska";"18";322510688;"spnr1katowice@op.pl";"Dzieci lub młodzież";"publiczna";"Powiat m. Katowice";"brak specyfiki";19.022008;50.254433
"SZKOŁA PODSTAWOWA";"Szkoła podstawowa";"Katowice";"M. Katowice";"Katowice";"40-126";"Grażyńskiego";"17";322584359;"biuro.nieslyszacy.katowice@gmail.com";"Dzieci lub młodzież";"publiczna";"Powiat m. Katowice";"specjalna";19.017575;50.2668834
"Szkoła Podstawowa nr 27";"Szkoła podstawowa";"Katowice";"M. Katowice";"Katowice";"40-648";"Łętowskiego";"18";322028188;"katsp27@poczta.onet.pl";"Dzieci lub młodzież";"publiczna";"Powiat m. Katowice";"brak specyfiki";18.986163;50.2047388
"Szkoła Podstawowa nr 47 z Oddziałami Integracyjnymi";"Szkoła podstawowa";"Katowice";"M. Katowice";"Katowice";"40-309";"Grzegorzka";"4";322566148;"zsp3katowice@interia.pl";"Dzieci lub młodzież";"publiczna";"Powiat m. Katowice";"brak specyfiki";19.0664761;50.2775445
"Szkoła Podstawowa - Specjalna nr 55 w Katowicach";"Szkoła podstawowa";"Katowice";"M. Katowice";"Katowice - Szopienice";"40-384";"Ks. Bpa. H. Bednorza";"13";322569067;"sekretariat@zss10.pl";"Dzieci lub młodzież";"publiczna";"Powiat m. Katowice";"specjalna";19.0915909;50.2631395
"TECHNIKUM NR 14";"Technikum";"Katowice";"M. Katowice";"Katowice";"40-395";"SZOPIENICKA";"66";NA;"";"Dzieci lub młodzież";"publiczna";"Powiat m. Katowice";"brak specyfiki";19.0846124;50.2522252
"Technikum nr 1";"Technikum";"Katowice";"M. Katowice";"Katowice";"40-326";"Techników";"11";322566372;"zsb@onet.pl";"Dzieci lub młodzież";"publiczna";"Powiat m. Katowice";"brak specyfiki";19.0621175;50.2738107
"Technikum nr 12";"Technikum";"Katowice";"M. Katowice";"Katowice - Piotrowice";"40-659";"Harcerzy Września 1939r.";"2";322028255;"technikum12@abramowski.edu.pl";"Dzieci lub młodzież";"publiczna";"Powiat m. Katowice";"brak specyfiki";18.9754693;50.2121413
"Technikum Nr 18";"Technikum";"Katowice";"M. Katowice";"Katowice";"40-671";"Armii Krajowej";"84";NA;"";"Dzieci lub młodzież";"publiczna";"Powiat m. Katowice";"brak specyfiki";18.9738729;50.209018
"TECHNIKUM NR 16 W ZESPOLE SZKÓŁ NR 2";"Technikum";"Katowice";"M. Katowice";"Katowice";"40-749";"GOETLA";"2";322556131;"zsz2murcki@poczta.onet.pl";"Dzieci lub młodzież";"publiczna";"Powiat m. Katowice";"brak specyfiki";19.0433229;50.2023196
"Technikum nr 7";"Technikum";"Katowice";"M. Katowice";"Katowice";"40-861";"Gliwicka";"228";322540626;"zs7.katowice@op.pl";"Dzieci lub młodzież";"publiczna";"Powiat m. Katowice";"brak specyfiki";18.9714259;50.270638
"Technikum nr 13";"Technikum";"Katowice";"M. Katowice";"Katowice";"40-870";"Al. B. Krzywoustego";"13";322543048;"sekretariat@mielczarski.katowice.pl";"Dzieci lub młodzież";"publiczna";"Powiat m. Katowice";"brak specyfiki";18.9779738;50.2755857
"Technikum Nr 5";"Technikum";"Katowice";"M. Katowice";"Katowice";"40-358";"Gen.Józefa Hallera";"60";NA;"";"Dzieci lub młodzież";"publiczna";"Powiat m. Katowice";"brak specyfiki";19.073725;50.27261
"Technikum nr 10";"Technikum";"Katowice";"M. Katowice";"Katowice";"40-384";"Ks. Bpa H. Bednorza";"15";323518220;"zsps@alpha.pl";"Dzieci lub młodzież";"publiczna";"Powiat m. Katowice";"brak specyfiki";19.0910504;50.2631704
"Technikum nr 3";"Technikum";"Katowice";"M. Katowice";"Katowice";"40-382";"Roździeńska";"25";322569823;"zsgkatowice@wp.pl";"Dzieci lub młodzież";"publiczna";"Powiat m. Katowice";"brak specyfiki";19.0784059;50.263587
"Niepubliczne Technikum dla Dorosłych AWANS w Katowicach";"Technikum";"Katowice";"M. Katowice";"Katowice";"40-863";"Sokolska";"23";327823164;"ck-awans@tlen.pl";"Dorośli";"niepubliczna o uprawnieniach szkoły publicznej";"Powiat m. Katowice";"brak specyfiki";19.0189092;50.2632005
"Technikum Zakładu Doskonalenia Zawodowego w Katowicach";"Technikum";"Katowice";"M. Katowice";"Katowice";"40-952";"ŚW. Jacka";"3";322564115;"s-katow1@zdz.katowice.pl";"Dzieci lub młodzież";"niepubliczna o uprawnieniach szkoły publicznej";"Powiat m. Katowice";"brak specyfiki";19.03196;50.256083
"Technikum Lotnicze Zakładu Doskonalenia Zawodowego";"Technikum";"Katowice";"M. Katowice";"Katowice";"40-092";"Mickiewicza";"16";323530122;"s-lot@zdz.katowice.pl";"Dzieci lub młodzież";"niepubliczna o uprawnieniach szkoły publicznej";"Powiat m. Katowice";"brak specyfiki";19.0194567;50.2606251
"Technikum Akademii Artystycznej";"Technikum";"Katowice";"M. Katowice";"Katowice";"40-017";"Graniczna";"27";327001230;"biuro@bujnowicz.pl";"Dzieci lub młodzież";"niepubliczna o uprawnieniach szkoły publicznej";"Powiat m. Katowice";"brak specyfiki";19.0352629;50.2547576
"Technikum Nr 2";"Technikum";"Katowice";"M. Katowice";"Katowice";"40-074";"Raciborska";"3";322516801;"bip@zse-korfanty.katowice.pl";"Dzieci lub młodzież";"publiczna";"Powiat m. Katowice";"brak specyfiki";19.0088935;50.2549878
"Technikum Nr 17";"Technikum";"Katowice";"M. Katowice";"Katowice";"40-086";"Sokolska";"26";323511923;"sltzn@sltzn.edu.pl";"Dzieci lub młodzież";"publiczna";"Powiat m. Katowice";"brak specyfiki";19.016482;50.264026
"Technikum nr 8";"Technikum";"Katowice";"M. Katowice";"Katowice";"40-092";"Mickiewicza";"16";322588314;"sekretariat@tech8katowice.pl";"Dzieci lub młodzież";"publiczna";"Powiat m. Katowice";"brak specyfiki";19.0194567;50.2606251
"Technikum Nr 15 im. Tomasza Klenczara";"Technikum";"Katowice";"M. Katowice";"Katowice";"40-750";"Tadeusza Boya Żeleńskiego";"96";322020011;"klenczar@klenczar.pl";"Dzieci lub młodzież";"publiczna";"Powiat m. Katowice";"brak specyfiki";19.0010566;50.180662
"Technikum Fotograficzne FOTOEDUKACJA";"Technikum";"Katowice";"M. Katowice";"KATOWICE 8";"40-659";"Harcerzy Września 1939r.";"3";322064681;"CENTRUM@FOTOEDUKACJA.EDU.PL";"Dzieci lub młodzież";"niepubliczna o uprawnieniach szkoły publicznej";"Powiat m. Katowice";"brak specyfiki";18.976978;50.212247
"Technikum nr 4";"Technikum";"Katowice";"M. Katowice";"Katowice";"40-592";"Mikołowska";"131";326096020;"sekretariat@zstio2.katowice.pl";"Dzieci lub młodzież";"publiczna";"Powiat m. Katowice";"brak specyfiki";18.99599;50.244383
"Technikum Nr 20 dla Niesłyszących i Słabo Słyszących";"Technikum";"Katowice";"M. Katowice";"Katowice";"40-230";"Staszica";"2";322552084;"sekretariat@zs1.katowice.pl";"Dzieci lub młodzież";"publiczna";"Powiat m. Katowice";"specjalna";19.0516486;50.2604655
"Technikum TEB Edukacja";"Technikum";"Katowice";"M. Katowice";"Uniwersytecka 4";"40-004";"Uniwersytecka";"4";323520777;"katowice@teb.pl";"Dzieci lub młodzież";"niepubliczna o uprawnieniach szkoły publicznej";"Powiat m. Katowice";"brak specyfiki";19.0258205;50.2613636
"ZESPÓŁ SZKÓŁ ZAWODOWYCH NR 3 IM. ADAMA KOCURA W KATOWICACH";"Zespół szkół i placówek oświatowych";"Katowice";"M. Katowice";"Katowice";"40-395";"SZOPIENICKA";"66";322557225;"sekretariat@zsz3.pl";"Bez kategorii";"publiczna";"Powiat m. Katowice";"";19.0846124;50.2522252
"Katowickie Centrum Edukacji Zawodowej";"Zespół szkół i placówek oświatowych";"Katowice";"M. Katowice";"Katowice";"40-326";"Techników";"11";322566372;"kcez.sekretariat@gmail.com";"Bez kategorii";"publiczna";"Powiat m. Katowice";"";19.0621175;50.2738107
"Zespół Szkół Technicznych i Ogólnokształcących Nr 3";"Zespół szkół i placówek oświatowych";"Katowice";"M. Katowice";"Katowice - Piotrowice";"40-659";"Harcerzy Września 1939r.";"2";322028255;"technikum12@abramowski.edu.pl";"Bez kategorii";"publiczna";"Powiat m. Katowice";"";18.9754693;50.2121413
"Zespół Szkół Poligraficzno-Mechanicznych im. Armii Krajowej w Katowicach";"Zespół szkół i placówek oświatowych";"Katowice";"M. Katowice";"Katowice";"40-671";"Armii Krajowej";"84";322028463;"poligrafic@wp.pl";"Bez kategorii";"publiczna";"Powiat m. Katowice";"";18.9738729;50.209018
"ZESPÓŁ SZKÓŁ NR 2 IM.J.IWASZKIEWICZA W KATOWICACH";"Zespół szkół i placówek oświatowych";"Katowice";"M. Katowice";"Katowice";"40-749";"GOETLA";"2";322556131;"zsz2murcki@poczta.onet.pl";"Bez kategorii";"publiczna";"Powiat m. Katowice";"";19.0433229;50.2023196
"ZESPÓŁ SZKÓŁ NR 7";"Zespół szkół i placówek oświatowych";"Katowice";"M. Katowice";"Katowice";"40-861";"Gliwicka";"228";322540626;"zs7.katowice@op.pl";"Bez kategorii";"publiczna";"Powiat m. Katowice";"";18.9714259;50.270638
"Zespół Szkół Zawodowych im.Romualda Mielczarskiego";"Zespół szkół i placówek oświatowych";"Katowice";"M. Katowice";"Katowice";"40-870";"Al. B. Krzywoustego";"13";322543048;"sekretariat@mielczarski.katowice.pl";"Bez kategorii";"publiczna";"Powiat m. Katowice";"";18.9779738;50.2755857
"Zespół Szkół Handlowych";"Zespół szkół i placówek oświatowych";"Katowice";"M. Katowice";"Katowice";"40-358";"Gen.Józefa Hallera";"60";322569934;"zshkatowice@interia.pl";"Bez kategorii";"publiczna";"Powiat m. Katowice";"";19.073725;50.27261
"Zespół Szkół Przemysłu Spożywczego";"Zespół szkół i placówek oświatowych";"Katowice";"M. Katowice";"Katowice";"40-384";"Ks. Bpa H. Bednorza";"15";323518220;"zsps@alpha.pl";"Bez kategorii";"publiczna";"Powiat m. Katowice";"";19.0910504;50.2631704
"Zespół Szkół Gastronomicznych im. Gustawa Morcinka w Katowicach";"Zespół szkół i placówek oświatowych";"Katowice";"M. Katowice";"Katowice";"40-382";"Roździeńska";"25";322569823;"zsgkatowice@wp.pl";"Bez kategorii";"publiczna";"Powiat m. Katowice";"";19.0784059;50.263587
"Zespół Szkół Zawodowych Specjalnych nr 6";"Zespół szkół i placówek oświatowych";"Katowice";"M. Katowice";"Katowice";"40-555";"Rolna";"22";322542419;"korczakzsz@wp.pl";"Bez kategorii";"publiczna";"Powiat m. Katowice";"";18.985795;50.231915
"Zespół Szkolno - Przedszkolny nr 1 w Katowicach";"Zespół szkół i placówek oświatowych";"Katowice";"M. Katowice";"Katowice";"40-106";"Sportowa";"29";322546601;"sp18katowice@interia.pl";"Bez kategorii";"publiczna";"Powiat m. Katowice";"";18.9974806;50.2741209
"Zespół Szkolno- Przedszkolny nr 2";"Zespół szkół i placówek oświatowych";"Katowice";"M. Katowice";"Katowice- Piotrowice";"40-685";"Sobańskiego";"86";322029320;"SP32K_ce@poczta.onet.pl";"Bez kategorii";"publiczna";"Powiat m. Katowice";"";18.9635642;50.2077431
"Zespół Szkolno-Przedszkolny nr 4 w Katowicach";"Zespół szkół i placówek oświatowych";"Katowice";"M. Katowice";"Katowice";"40-214";"Wróblewskiego";"42-44";322583566;"trzynastkasp@wp.pl";"Bez kategorii";"publiczna";"Powiat m. Katowice";"";19.0420196;50.2678875
"Zespół Szkół Ogólnokształcących Nr 3";"Zespół szkół i placówek oświatowych";"Katowice";"M. Katowice";"Katowice";"40-881";"B. Chrobrego";"4";322546730;"sekretariat@zso3.katowice.pl";"Bez kategorii";"publiczna";"Powiat m. Katowice";"";18.9720759;50.2798359
"Zespół Szkół Zakonu Pijarów";"Zespół szkół i placówek oświatowych";"Katowice";"M. Katowice";"Katowice";"40-750";"Pijarska";"7";668864713;"katowice@pijarzy.pl";"Bez kategorii";"niepubliczna";"Powiat m. Katowice";"";18.9815431;50.1972386
"I Zespół Ogólnokształcących Szkół Społecznych im.S.Konarskiego STO";"Zespół szkół i placówek oświatowych";"Katowice";"M. Katowice";"Katowice";"40-066";"Mikołowska";"26";322512344;"sekretariat@stoszkola.pl";"Bez kategorii";"niepubliczna";"Powiat m. Katowice";"";19.0111579;50.254819
"Zespół Katolickich Szkół Ogólnokształcących nr 1";"Zespół szkół i placówek oświatowych";"Katowice";"M. Katowice";"Katowice";"40-026";"Kobylińskiego";"4";322552681;"sekretariat@klo.katowice.pl";"Bez kategorii";"niepubliczna";"Powiat m. Katowice";"";19.025974;50.2553349
"Zespół Katolickich Szkół Ogólnokształcących Nr 2";"Zespół szkół i placówek oświatowych";"Katowice";"M. Katowice";"Katowice";"40-208";"Ścigały";"17";323529950;"kaespe@poczta.onet.pl";"Bez kategorii";"niepubliczna";"Powiat m. Katowice";"";19.0391355;50.2650871
"Zespół Szkół OMEGA im. Górnosląskich Noblistów w Katowicach";"Zespół szkół i placówek oświatowych";"Katowice";"M. Katowice";"Katowice";"40-862";"Gliwicka";"276";322545124;"sekretariat@omegaszkola.pl";"Bez kategorii";"niepubliczna";"Powiat m. Katowice";"";18.963708;50.272571
"Zespół Szkół Ekonomicznych";"Zespół szkół i placówek oświatowych";"Katowice";"M. Katowice";"Katowice";"40-074";"Raciborska";"3";322516801;"bip@zse-korfanty.katowice.pl";"Bez kategorii";"publiczna";"Powiat m. Katowice";"";19.0088935;50.2549878
"Śląskie Techniczne Zakłady Naukowe";"Zespół szkół i placówek oświatowych";"Katowice";"M. Katowice";"Katowice";"40-086";"Sokolska";"26";323511923;"sltzn@sltzn.edu.pl";"Bez kategorii";"publiczna";"Powiat m. Katowice";"";19.016482;50.264026
"Zespół Szkół Ogólnokształcących Nr 1";"Zespół szkół i placówek oświatowych";"Katowice";"M. Katowice";"Katowice";"40-039";"SIENKIEWICZA";"74";322563601;"sekretariat@kopernik.katowice.pl";"Bez kategorii";"publiczna";"Powiat m. Katowice";"";19.0223708;50.2497774
"Zespół Szkół Ogólnokształcących dla Dorosłych w Katowicach";"Zespół szkół i placówek oświatowych";"Katowice";"M. Katowice";"Katowice";"40-097";"3 Maja";"42";322539978;"zsodd@op.pl";"Bez kategorii";"publiczna";"Powiat m. Katowice";"";19.015148;50.2594825
"Zespół Szkół Specjalnych Nr 8 w Katowicach";"Zespół szkół i placówek oświatowych";"Katowice";"M. Katowice";"Katowice";"40-006";"Szkolna";"5";322539570;"sp7gim25@wp.pl";"Bez kategorii";"publiczna";"Powiat m. Katowice";"";19.0262609;50.25927
"Zespół Szkół Specjalnych nr 9";"Zespół szkół i placówek oświatowych";"Katowice";"M. Katowice";"Katowice";"40-208";"Ścigały";"17";322047671;"zespolszkolnr9@gmail.com";"Bez kategorii";"publiczna";"Powiat m. Katowice";"";19.0391355;50.2650871
"Zespół Szkół Specjalnych nr 11";"Zespół szkół i placówek oświatowych";"Katowice";"M. Katowice";"Katowice";"40-852";"Gliwicka";"148a";322541867;"zss11@op.pl";"Bez kategorii";"publiczna";"Powiat m. Katowice";"";18.988286;50.26625
"ZESPÓŁ SZKÓŁ SPECJALNYCH NR12 W KATOWICACH";"Zespół szkół i placówek oświatowych";"Katowice";"M. Katowice";"Katowice";"40-718";"KOŁOBRZESKA";"8";322526773;"zss_nr12k@op.pl";"Bez kategorii";"publiczna";"Powiat m. Katowice";"";18.971203;50.2205899
"Zespół Szkół Specjalnych nr 6 w Katowicach";"Zespół szkół i placówek oświatowych";"Katowice";"M. Katowice";"Katowice";"40-752";"Medyków";"16";322071675;"zss6@op.pl";"Bez kategorii";"publiczna";"Powiat m. Katowice";"";18.9506599;50.2238678
"Zespół Szkół Specjalnych Nr 7";"Zespół szkół i placówek oświatowych";"Katowice";"M. Katowice";"Janów";"40-414";"zamkowa";"2a";322557195;"zssnr7@poczta.onet.pl";"Bez kategorii";"publiczna";"Powiat m. Katowice";"";19.0852389;50.243331
"Zespół Szkół Ogólnokształcących nr 7";"Zespół szkół i placówek oświatowych";"Katowice";"M. Katowice";"Katowice";"40-832";"Witosa";"23";322540371;"sekretariat@zso7.katowice.pl";"Bez kategorii";"publiczna";"Powiat m. Katowice";"";18.972888;50.2592086
"Zespół Szkół Integracyjnych nr 1";"Zespół szkół i placówek oświatowych";"Katowice";"M. Katowice";"Katowice";"40-870";"Bolesława Krzywoustego";"11";322543679;"serketariat@zsi1katowice.pl";"Bez kategorii";"publiczna";"Powiat m. Katowice";"";18.9779357;50.2749077
"Centrum Kształcenia Zawodowego i Ustawicznego Województwa Śląskiego w Katowicach";"Zespół szkół i placówek oświatowych";"Katowice";"M. Katowice";"Katowice";"40-304";"Wiertnicza";"3";322566100;"medyk.katowice@outlook.com";"Bez kategorii";"publiczna";"Powiat m. Katowice";"";19.0566957;50.2730241
"Zespół Szkół Technicznych i Ogólnokształcących Nr 2";"Zespół szkół i placówek oświatowych";"Katowice";"M. Katowice";"Katowice";"40-592";"Mikołowska";"131";326096020;"sekretariat@zstio2.katowice.pl";"Bez kategorii";"publiczna";"Powiat m. Katowice";"";18.99599;50.244383
"zespół szkolno-przeds zkolny dla Dzieci niesłyszących i słabo Słyszących";"Zespół szkół i placówek oświatowych";"Katowice";"M. Katowice";"Katowice";"40-126";"Grażyńskiego";"17";322584359;"biuro.nieslyszacy.katowice@gmail.com";"Bez kategorii";"publiczna";"Powiat m. Katowice";"";19.017575;50.2668834
"Zespół Szkolno - Przedszkolny nr 3 w Katowicach";"Zespół szkół i placówek oświatowych";"Katowice";"M. Katowice";"Katowice";"40-309";"Grzegorzka";"4";322566148;"zsp3katowice@interia.pl";"Bez kategorii";"publiczna";"Powiat m. Katowice";"";19.0664761;50.2775445
"Zespół Szkół Specjalnych nr 10 w Katowicach";"Zespół szkół i placówek oświatowych";"Katowice";"M. Katowice";"Katowice - Szopienice";"40-384";"Ks. Bpa. H. Bednorza";"13";322569067;"sekretariat@zss10.pl";"Bez kategorii";"publiczna";"Powiat m. Katowice";"";19.0915909;50.2631395
"Zespół Szkół Nr 1";"Zespół szkół i placówek oświatowych";"Katowice";"M. Katowice";"Katowice";"40-230";"Staszica";"2";322552084;"sekretariat@zs1.katowice.pl";"Bez kategorii";"publiczna";"Powiat m. Katowice";"";19.0516486;50.2604655
